typeofaction,sourceid,destinationid,amountofmoney,date,isfraud,typeoffraud,levelofcrime,typeofcrime,month
cash-in,30105,28942,494528,2019-07-19,1,type1,head,type1,7
cash-in,30105,8692,494528,2019-05-17,1,type1,head,type1,5
cash-in,30105,60094,494528,2019-07-20,1,type1,head,type1,7
cash-in,30105,20575,494528,2019-07-03,1,type1,head,type1,7
cash-in,30105,45938,494528,2019-05-26,1,type1,head,type1,5
cash-in,30105,54971,494528,2019-04-06,1,type1,head,type1,4
cash-in,30105,62257,494528,2019-04-23,1,type1,head,type1,4
cash-in,30105,1020,494528,2019-07-04,1,type1,head,type1,7
cash-in,30105,98751,494528,2019-05-06,1,type1,head,type1,5
cash-in,30105,82016,494528,2019-06-09,1,type1,head,type1,6
cash-in,30105,13800,494528,2019-04-17,1,type1,head,type1,4
cash-in,30105,52681,494529,2019-07-18,1,type1,head,type1,7
cash-in,30105,80113,494529,2019-03-27,1,type1,head,type1,3
cash-in,30105,64316,494529,2019-06-09,1,type1,head,type1,6
cash-in,30105,94472,494529,2019-02-21,1,type1,head,type1,2
cash-in,30105,23762,494529,2019-04-07,1,type1,head,type1,4
cash-in,30105,12860,494529,2019-04-28,1,type1,head,type1,4
cash-in,30105,61008,494529,2019-04-19,1,type1,head,type1,4
cash-in,30105,3164,494529,2019-05-19,1,type1,head,type1,5
cash-in,30105,24259,494529,2019-04-20,1,type1,head,type1,4
cash-in,80740,29758,388294,2019-05-03,1,type1,head,type1,5
cash-in,80740,47869,388294,2019-06-14,1,type1,head,type1,6
cash-in,80740,79227,388294,2019-03-05,1,type1,head,type1,3
cash-in,80740,68225,388294,2019-03-03,1,type1,head,type1,3
cash-in,80740,65031,388294,2019-03-10,1,type1,head,type1,3
cash-in,80740,90735,388294,2019-07-17,1,type1,head,type1,7
cash-in,80740,84696,388294,2019-03-04,1,type1,head,type1,3
cash-in,80740,67988,388294,2019-05-25,1,type1,head,type1,5
cash-in,80740,33384,388294,2019-05-22,1,type1,head,type1,5
cash-in,80740,57761,388294,2019-05-06,1,type1,head,type1,5
cash-in,80740,90295,388294,2019-06-26,1,type1,head,type1,6
cash-in,80740,28815,388294,2019-04-27,1,type1,head,type1,4
cash-in,80740,39965,388295,2019-06-12,1,type1,head,type1,6
cash-in,80740,48861,388295,2019-03-15,1,type1,head,type1,3
cash-in,80740,96543,388295,2019-07-17,1,type1,head,type1,7
cash-in,80740,83049,388295,2019-03-05,1,type1,head,type1,3
cash-in,80740,36644,388295,2019-05-30,1,type1,head,type1,5
cash-in,80740,12726,388295,2019-04-05,1,type1,head,type1,4
cash-in,80740,38032,388295,2019-06-06,1,type1,head,type1,6
cash-in,80740,19808,388295,2019-06-08,1,type1,head,type1,6
cash-in,92735,16792,306536,2019-06-20,1,type1,head,type1,6
cash-in,92735,98862,306536,2019-03-21,1,type1,head,type1,3
cash-in,92735,64222,306536,2019-03-30,1,type1,head,type1,3
cash-in,92735,45890,306536,2019-05-09,1,type1,head,type1,5
cash-in,92735,76199,306536,2019-05-06,1,type1,head,type1,5
cash-in,92735,94635,306536,2019-03-20,1,type1,head,type1,3
cash-in,92735,11443,306536,2019-05-12,1,type1,head,type1,5
cash-in,92735,82726,306536,2019-03-30,1,type1,head,type1,3
cash-in,92735,78865,306536,2019-07-05,1,type1,head,type1,7
cash-in,92735,93295,306536,2019-04-08,1,type1,head,type1,4
cash-in,92735,23512,306536,2019-03-15,1,type1,head,type1,3
cash-in,92735,62065,306536,2019-04-15,1,type1,head,type1,4
cash-in,92735,63711,306536,2019-02-25,1,type1,head,type1,2
cash-in,92735,34121,306536,2019-06-25,1,type1,head,type1,6
cash-in,92735,53801,306536,2019-06-20,1,type1,head,type1,6
cash-in,92735,41429,306536,2019-03-03,1,type1,head,type1,3
cash-in,92735,12806,306537,2019-05-12,1,type1,head,type1,5
cash-in,92735,58732,306537,2019-07-14,1,type1,head,type1,7
cash-in,92735,9507,306537,2019-03-23,1,type1,head,type1,3
cash-in,92735,61512,306537,2019-04-10,1,type1,head,type1,4
cash-in,92735,87991,306537,2019-04-24,1,type1,head,type1,4
cash-in,92735,83840,306537,2019-07-10,1,type1,head,type1,7
cash-in,92735,30584,306537,2019-03-04,1,type1,head,type1,3
cash-in,92735,17423,306537,2019-02-25,1,type1,head,type1,2
cash-in,92735,44570,306537,2019-07-01,1,type1,head,type1,7
cash-in,1615,72623,639229,2019-07-18,1,type1,head,type1,7
cash-in,1615,6322,639229,2019-04-25,1,type1,head,type1,4
cash-in,1615,19592,639229,2019-03-09,1,type1,head,type1,3
cash-in,1615,21254,639230,2019-04-23,1,type1,head,type1,4
cash-in,1615,54400,639230,2019-05-30,1,type1,head,type1,5
cash-in,1615,8552,639230,2019-03-05,1,type1,head,type1,3
cash-in,1615,80966,639230,2019-05-20,1,type1,head,type1,5
cash-in,1615,46860,639230,2019-05-14,1,type1,head,type1,5
cash-in,1615,7203,639230,2019-03-29,1,type1,head,type1,3
cash-in,1615,11667,639230,2019-05-13,1,type1,head,type1,5
cash-in,1615,6054,639230,2019-05-26,1,type1,head,type1,5
cash-in,1615,37081,639230,2019-03-18,1,type1,head,type1,3
cash-in,1615,33284,639230,2019-04-16,1,type1,head,type1,4
cash-in,1615,3335,639230,2019-07-04,1,type1,head,type1,7
cash-in,4161,7806,249081,2019-06-15,1,type1,head,type1,6
cash-in,4161,93672,249081,2019-03-14,1,type1,head,type1,3
cash-in,4161,75260,249081,2019-03-28,1,type1,head,type1,3
cash-in,4161,52002,249081,2019-03-21,1,type1,head,type1,3
cash-in,4161,50023,249081,2019-06-04,1,type1,head,type1,6
cash-in,4161,7038,249081,2019-06-16,1,type1,head,type1,6
cash-in,4161,32828,249081,2019-05-23,1,type1,head,type1,5
cash-in,4161,99617,249081,2019-05-15,1,type1,head,type1,5
cash-in,4161,34858,249081,2019-06-19,1,type1,head,type1,6
cash-in,4161,28744,249081,2019-02-21,1,type1,head,type1,2
cash-in,4161,43619,249081,2019-05-03,1,type1,head,type1,5
cash-in,4161,96342,249082,2019-03-06,1,type1,head,type1,3
cash-in,4161,27404,249082,2019-05-31,1,type1,head,type1,5
cash-in,4161,1599,249082,2019-06-15,1,type1,head,type1,6
cash-in,4161,98501,249082,2019-04-26,1,type1,head,type1,4
cash-in,4161,94376,249082,2019-03-03,1,type1,head,type1,3
cash-in,4161,44546,249082,2019-06-18,1,type1,head,type1,6
cash-in,4161,6724,249082,2019-06-22,1,type1,head,type1,6
cash-in,4161,10834,249082,2019-06-14,1,type1,head,type1,6
cash-in,4161,88949,249082,2019-03-05,1,type1,head,type1,3
cash-in,4161,54547,249082,2019-05-21,1,type1,head,type1,5
cash-in,4161,76270,249082,2019-03-10,1,type1,head,type1,3
cash-in,4161,64321,249082,2019-04-26,1,type1,head,type1,4
cash-in,4161,73770,249082,2019-06-16,1,type1,head,type1,6
cash-in,4161,39477,249082,2019-03-26,1,type1,head,type1,3
cash-in,4161,29501,249082,2019-06-11,1,type1,head,type1,6
cash-in,4161,2174,249082,2019-05-03,1,type1,head,type1,5
cash-in,4161,83480,249082,2019-05-25,1,type1,head,type1,5
cash-in,4161,49193,249082,2019-02-23,1,type1,head,type1,2
cash-in,33203,7242,882647,2019-03-14,1,type1,head,type1,3
cash-in,33203,784,882647,2019-05-26,1,type1,head,type1,5
cash-in,33203,65196,882647,2019-07-06,1,type1,head,type1,7
cash-in,33203,80364,882647,2019-02-26,1,type1,head,type1,2
cash-in,33203,8056,882647,2019-07-02,1,type1,head,type1,7
cash-in,33203,69621,882647,2019-05-07,1,type1,head,type1,5
cash-in,33203,97479,882648,2019-06-04,1,type1,head,type1,6
cash-in,33203,34537,882648,2019-06-11,1,type1,head,type1,6
cash-in,33203,15088,882648,2019-07-17,1,type1,head,type1,7
cash-in,41969,65969,1835026,2019-03-26,1,type1,head,type1,3
cash-in,41969,13881,1835026,2019-02-26,1,type1,head,type1,2
cash-in,41969,76026,1835027,2019-07-05,1,type1,head,type1,7
cash-in,41969,92875,1835027,2019-04-26,1,type1,head,type1,4
cash-in,41969,69841,1835027,2019-07-09,1,type1,head,type1,7
cash-in,37177,21392,362164,2019-03-09,1,type1,head,type1,3
cash-in,37177,90607,362164,2019-05-19,1,type1,head,type1,5
cash-in,37177,88400,362164,2019-06-14,1,type1,head,type1,6
cash-in,37177,70964,362164,2019-07-16,1,type1,head,type1,7
cash-in,37177,63029,362164,2019-04-15,1,type1,head,type1,4
cash-in,37177,80337,362164,2019-03-15,1,type1,head,type1,3
cash-in,37177,14656,362164,2019-05-26,1,type1,head,type1,5
cash-in,37177,89730,362164,2019-07-11,1,type1,head,type1,7
cash-in,37177,93055,362164,2019-04-20,1,type1,head,type1,4
cash-in,37177,68699,362164,2019-03-15,1,type1,head,type1,3
cash-in,37177,68229,362164,2019-04-12,1,type1,head,type1,4
cash-in,37177,13407,362164,2019-05-06,1,type1,head,type1,5
cash-in,37177,887,362164,2019-06-22,1,type1,head,type1,6
cash-in,37177,48011,362164,2019-05-21,1,type1,head,type1,5
cash-in,37177,3092,362164,2019-04-11,1,type1,head,type1,4
cash-in,37177,57772,362164,2019-03-03,1,type1,head,type1,3
cash-in,37177,31269,362164,2019-07-05,1,type1,head,type1,7
cash-in,37177,69355,362164,2019-06-13,1,type1,head,type1,6
cash-in,37177,9363,362164,2019-03-02,1,type1,head,type1,3
cash-in,37177,30714,362164,2019-07-06,1,type1,head,type1,7
cash-in,37177,39631,362164,2019-02-23,1,type1,head,type1,2
cash-in,37177,33994,362164,2019-07-10,1,type1,head,type1,7
cash-in,37177,96016,362164,2019-03-17,1,type1,head,type1,3
cash-in,37177,67648,362164,2019-03-30,1,type1,head,type1,3
cash-in,31439,89434,554345,2019-06-11,1,type1,head,type1,6
cash-in,31439,90146,554345,2019-04-28,1,type1,head,type1,4
cash-in,31439,8611,554345,2019-04-03,1,type1,head,type1,4
cash-in,31439,3183,554345,2019-05-22,1,type1,head,type1,5
cash-in,31439,18533,554345,2019-07-03,1,type1,head,type1,7
cash-in,31439,6470,554345,2019-04-30,1,type1,head,type1,4
cash-in,31439,27405,554345,2019-07-01,1,type1,head,type1,7
cash-in,31439,97140,554345,2019-05-02,1,type1,head,type1,5
cash-in,31439,58911,554346,2019-05-07,1,type1,head,type1,5
cash-in,31439,20213,554346,2019-05-24,1,type1,head,type1,5
cash-in,31439,17450,554346,2019-04-14,1,type1,head,type1,4
cash-in,31439,63072,554346,2019-02-28,1,type1,head,type1,2
cash-in,31439,84089,554346,2019-04-19,1,type1,head,type1,4
cash-in,31439,42081,554346,2019-02-27,1,type1,head,type1,2
cash-in,84352,79147,640046,2019-06-13,1,type1,head,type1,6
cash-in,84352,80053,640046,2019-02-21,1,type1,head,type1,2
cash-in,84352,61309,640047,2019-04-19,1,type1,head,type1,4
cash-in,84352,54502,640047,2019-06-05,1,type1,head,type1,6
cash-in,84352,94793,640047,2019-06-19,1,type1,head,type1,6
cash-in,84352,24728,640047,2019-03-13,1,type1,head,type1,3
cash-in,84352,36919,640047,2019-06-28,1,type1,head,type1,6
cash-in,84352,46738,640047,2019-06-14,1,type1,head,type1,6
cash-in,84352,62404,640047,2019-04-08,1,type1,head,type1,4
cash-in,84352,49860,640047,2019-07-15,1,type1,head,type1,7
cash-in,84352,9117,640047,2019-06-06,1,type1,head,type1,6
cash-in,95615,43405,708894,2019-04-29,1,type1,head,type1,4
cash-in,95615,97885,708894,2019-03-06,1,type1,head,type1,3
cash-in,95615,15768,708894,2019-05-29,1,type1,head,type1,5
cash-in,95615,13218,708894,2019-03-10,1,type1,head,type1,3
cash-in,95615,93239,708894,2019-05-30,1,type1,head,type1,5
cash-in,95615,20217,708895,2019-03-16,1,type1,head,type1,3
cash-in,95615,13591,708895,2019-06-28,1,type1,head,type1,6
cash-in,95615,65665,708895,2019-02-21,1,type1,head,type1,2
cash-in,95615,27376,708895,2019-03-23,1,type1,head,type1,3
cash-in,95615,1638,708895,2019-04-26,1,type1,head,type1,4
cash-in,95615,35853,708895,2019-06-10,1,type1,head,type1,6
cash-in,95615,70742,708895,2019-03-19,1,type1,head,type1,3
cash-in,41220,39061,1769355,2019-06-24,1,type1,head,type1,6
cash-in,41220,48727,1769355,2019-04-22,1,type1,head,type1,4
cash-in,41220,21809,1769355,2019-04-03,1,type1,head,type1,4
cash-in,41220,26639,1769356,2019-06-03,1,type1,head,type1,6
cash-in,39284,62427,274171,2019-06-08,1,type1,head,type1,6
cash-in,39284,87467,274171,2019-03-22,1,type1,head,type1,3
cash-in,39284,53948,274171,2019-05-20,1,type1,head,type1,5
cash-in,39284,5032,274171,2019-06-10,1,type1,head,type1,6
cash-in,39284,68774,274171,2019-06-11,1,type1,head,type1,6
cash-in,39284,40321,274171,2019-03-25,1,type1,head,type1,3
cash-in,39284,95596,274171,2019-06-17,1,type1,head,type1,6
cash-in,39284,2955,274171,2019-06-24,1,type1,head,type1,6
cash-in,39284,91794,274171,2019-07-09,1,type1,head,type1,7
cash-in,39284,45479,274171,2019-06-25,1,type1,head,type1,6
cash-in,39284,63272,274171,2019-03-09,1,type1,head,type1,3
cash-in,39284,67144,274171,2019-07-04,1,type1,head,type1,7
cash-in,39284,7228,274171,2019-05-06,1,type1,head,type1,5
cash-in,39284,47704,274171,2019-06-23,1,type1,head,type1,6
cash-in,39284,74691,274171,2019-06-18,1,type1,head,type1,6
cash-in,39284,4429,274171,2019-07-03,1,type1,head,type1,7
cash-in,39284,13670,274171,2019-07-01,1,type1,head,type1,7
cash-in,39284,85867,274171,2019-07-12,1,type1,head,type1,7
cash-in,39284,18192,274171,2019-06-07,1,type1,head,type1,6
cash-in,39284,28414,274171,2019-07-19,1,type1,head,type1,7
cash-in,39284,55092,274171,2019-03-22,1,type1,head,type1,3
cash-in,39284,4394,274171,2019-03-30,1,type1,head,type1,3
cash-in,39284,74901,274171,2019-06-23,1,type1,head,type1,6
cash-in,39284,2683,274171,2019-06-28,1,type1,head,type1,6
cash-in,39284,87826,274171,2019-02-21,1,type1,head,type1,2
cash-in,39284,13963,274171,2019-03-06,1,type1,head,type1,3
cash-in,39284,29925,274171,2019-07-10,1,type1,head,type1,7
cash-in,39284,61097,274172,2019-03-04,1,type1,head,type1,3
cash-in,39284,13638,274172,2019-06-01,1,type1,head,type1,6
cash-in,82688,77924,292038,2019-05-31,1,type1,head,type1,5
cash-in,82688,91706,292038,2019-02-27,1,type1,head,type1,2
cash-in,82688,87880,292038,2019-03-31,1,type1,head,type1,3
cash-in,82688,18305,292038,2019-05-31,1,type1,head,type1,5
cash-in,82688,74062,292038,2019-05-05,1,type1,head,type1,5
cash-in,82688,83006,292038,2019-05-23,1,type1,head,type1,5
cash-in,82688,39778,292038,2019-05-30,1,type1,head,type1,5
cash-in,82688,32368,292038,2019-04-20,1,type1,head,type1,4
cash-in,82688,12943,292038,2019-03-12,1,type1,head,type1,3
cash-in,82688,67262,292038,2019-04-13,1,type1,head,type1,4
cash-in,82688,48186,292038,2019-06-05,1,type1,head,type1,6
cash-in,82688,6015,292038,2019-06-30,1,type1,head,type1,6
cash-in,82688,34921,292038,2019-04-11,1,type1,head,type1,4
cash-in,82688,28976,292038,2019-04-29,1,type1,head,type1,4
cash-in,82688,16779,292038,2019-06-09,1,type1,head,type1,6
cash-in,82688,88240,292038,2019-02-28,1,type1,head,type1,2
cash-in,82688,4870,292038,2019-04-09,1,type1,head,type1,4
cash-in,82688,32981,292038,2019-07-14,1,type1,head,type1,7
cash-in,82688,75676,292038,2019-03-29,1,type1,head,type1,3
cash-in,82688,69388,292038,2019-04-08,1,type1,head,type1,4
cash-in,82688,97318,292038,2019-04-11,1,type1,head,type1,4
cash-in,82688,42411,292039,2019-04-04,1,type1,head,type1,4
cash-in,82688,13222,292039,2019-06-08,1,type1,head,type1,6
cash-in,82688,99496,292039,2019-04-30,1,type1,head,type1,4
cash-in,82688,1932,292039,2019-03-25,1,type1,head,type1,3
cash-in,30965,80135,398394,2019-03-27,1,type1,head,type1,3
cash-in,30965,88488,398394,2019-06-06,1,type1,head,type1,6
cash-in,30965,57075,398394,2019-06-15,1,type1,head,type1,6
cash-in,30965,40167,398394,2019-03-26,1,type1,head,type1,3
cash-in,30965,24981,398394,2019-02-24,1,type1,head,type1,2
cash-in,30965,57149,398394,2019-06-01,1,type1,head,type1,6
cash-in,30965,14030,398394,2019-05-28,1,type1,head,type1,5
cash-in,30965,45553,398394,2019-06-18,1,type1,head,type1,6
cash-in,30965,80750,398394,2019-05-09,1,type1,head,type1,5
cash-in,30965,49600,398394,2019-05-26,1,type1,head,type1,5
cash-in,30965,93262,398394,2019-04-06,1,type1,head,type1,4
cash-in,30965,25307,398394,2019-04-14,1,type1,head,type1,4
cash-in,30965,63112,398394,2019-04-23,1,type1,head,type1,4
cash-in,30965,14080,398394,2019-04-19,1,type1,head,type1,4
cash-in,30965,95733,398394,2019-06-02,1,type1,head,type1,6
cash-in,30965,63228,398394,2019-05-01,1,type1,head,type1,5
cash-in,30965,4845,398394,2019-07-07,1,type1,head,type1,7
cash-in,30965,45785,398395,2019-07-02,1,type1,head,type1,7
cash-in,30965,74470,398395,2019-07-05,1,type1,head,type1,7
cash-in,30965,32822,398395,2019-06-20,1,type1,head,type1,6
cash-in,30965,23309,398395,2019-03-10,1,type1,head,type1,3
cash-in,72032,68884,391866,2019-06-16,1,type1,head,type1,6
cash-in,72032,35234,391866,2019-04-30,1,type1,head,type1,4
cash-in,72032,44712,391866,2019-05-01,1,type1,head,type1,5
cash-in,72032,21863,391867,2019-06-12,1,type1,head,type1,6
cash-in,72032,30284,391867,2019-04-14,1,type1,head,type1,4
cash-in,72032,68776,391867,2019-04-20,1,type1,head,type1,4
cash-in,72032,77528,391867,2019-06-19,1,type1,head,type1,6
cash-in,72032,13268,391867,2019-07-20,1,type1,head,type1,7
cash-in,72032,12595,391867,2019-04-07,1,type1,head,type1,4
cash-in,72032,27847,391867,2019-06-11,1,type1,head,type1,6
cash-in,72032,15477,391867,2019-03-23,1,type1,head,type1,3
cash-in,72032,57885,391867,2019-02-23,1,type1,head,type1,2
cash-in,72032,76683,391867,2019-02-24,1,type1,head,type1,2
cash-in,72032,45427,391867,2019-03-05,1,type1,head,type1,3
cash-in,72032,92818,391867,2019-02-22,1,type1,head,type1,2
cash-in,72032,49478,391867,2019-06-13,1,type1,head,type1,6
cash-in,72032,67354,391867,2019-05-13,1,type1,head,type1,5
cash-in,72032,44038,391867,2019-03-20,1,type1,head,type1,3
cash-in,72032,31247,391867,2019-05-18,1,type1,head,type1,5
cash-in,72032,82095,391867,2019-06-25,1,type1,head,type1,6
cash-in,72032,63396,391867,2019-05-08,1,type1,head,type1,5
cash-in,24041,96977,322413,2019-03-03,1,type1,head,type1,3
cash-in,24041,33426,322413,2019-04-02,1,type1,head,type1,4
cash-in,24041,46541,322413,2019-07-10,1,type1,head,type1,7
cash-in,24041,23893,322413,2019-04-28,1,type1,head,type1,4
cash-in,24041,86853,322413,2019-04-05,1,type1,head,type1,4
cash-in,24041,45493,322413,2019-02-25,1,type1,head,type1,2
cash-in,24041,33601,322413,2019-03-09,1,type1,head,type1,3
cash-in,24041,16524,322413,2019-04-30,1,type1,head,type1,4
cash-in,24041,56913,322413,2019-04-21,1,type1,head,type1,4
cash-in,24041,36891,322413,2019-04-04,1,type1,head,type1,4
cash-in,24041,18626,322413,2019-06-16,1,type1,head,type1,6
cash-in,24041,1666,322413,2019-04-18,1,type1,head,type1,4
cash-in,24041,34756,322413,2019-06-25,1,type1,head,type1,6
cash-in,24041,66669,322413,2019-03-30,1,type1,head,type1,3
cash-in,24041,55422,322413,2019-07-13,1,type1,head,type1,7
cash-in,24041,39060,322413,2019-02-26,1,type1,head,type1,2
cash-in,24041,88176,322413,2019-06-06,1,type1,head,type1,6
cash-in,24041,21197,322413,2019-05-20,1,type1,head,type1,5
cash-in,24041,92217,322414,2019-04-08,1,type1,head,type1,4
cash-in,24041,39661,322414,2019-05-23,1,type1,head,type1,5
cash-in,24041,56984,322414,2019-03-20,1,type1,head,type1,3
cash-in,24041,9570,322414,2019-03-10,1,type1,head,type1,3
cash-in,24041,49937,322414,2019-04-11,1,type1,head,type1,4
cash-in,82410,59581,713808,2019-05-25,1,type1,head,type1,5
cash-in,82410,21955,713809,2019-03-05,1,type1,head,type1,3
cash-in,82410,15915,713809,2019-06-17,1,type1,head,type1,6
cash-in,82410,94012,713809,2019-07-05,1,type1,head,type1,7
cash-in,82410,25362,713809,2019-06-10,1,type1,head,type1,6
cash-in,82410,27412,713809,2019-04-15,1,type1,head,type1,4
cash-in,82410,79849,713809,2019-04-20,1,type1,head,type1,4
cash-in,82410,26063,713809,2019-05-05,1,type1,head,type1,5
cash-in,82410,77984,713809,2019-05-04,1,type1,head,type1,5
cash-in,82410,41940,713809,2019-02-27,1,type1,head,type1,2
cash-in,82410,88645,713809,2019-03-18,1,type1,head,type1,3
cash-in,82410,87881,713809,2019-02-23,1,type1,head,type1,2
cash-in,24441,12242,2954186,2019-07-15,1,type1,head,type1,7
cash-in,24441,23236,2954186,2019-03-31,1,type1,head,type1,3
cash-in,24441,94201,2954186,2019-04-20,1,type1,head,type1,4
cash-in,43439,91672,502828,2019-05-12,1,type1,head,type1,5
cash-in,43439,36605,502828,2019-07-05,1,type1,head,type1,7
cash-in,43439,82179,502828,2019-03-13,1,type1,head,type1,3
cash-in,43439,12117,502828,2019-07-05,1,type1,head,type1,7
cash-in,43439,53631,502828,2019-06-17,1,type1,head,type1,6
cash-in,43439,48679,502828,2019-07-06,1,type1,head,type1,7
cash-in,43439,13115,502828,2019-02-27,1,type1,head,type1,2
cash-in,43439,63955,502828,2019-03-14,1,type1,head,type1,3
cash-in,43439,16638,502828,2019-04-02,1,type1,head,type1,4
cash-in,43439,46827,502828,2019-05-20,1,type1,head,type1,5
cash-in,43439,46060,502828,2019-06-16,1,type1,head,type1,6
cash-in,43439,60266,502828,2019-03-11,1,type1,head,type1,3
cash-in,43439,5029,502828,2019-03-05,1,type1,head,type1,3
cash-in,43439,62290,502828,2019-07-13,1,type1,head,type1,7
cash-in,43439,89414,502828,2019-04-08,1,type1,head,type1,4
cash-in,43439,94137,502828,2019-04-04,1,type1,head,type1,4
cash-in,43439,58551,502828,2019-03-28,1,type1,head,type1,3
cash-in,43439,71167,502828,2019-07-20,1,type1,head,type1,7
cash-in,69208,42692,372321,2019-07-05,1,type1,head,type1,7
cash-in,69208,54010,372321,2019-06-12,1,type1,head,type1,6
cash-in,69208,44409,372321,2019-03-21,1,type1,head,type1,3
cash-in,69208,94632,372321,2019-04-28,1,type1,head,type1,4
cash-in,69208,51747,372321,2019-04-20,1,type1,head,type1,4
cash-in,69208,21453,372321,2019-07-02,1,type1,head,type1,7
cash-in,69208,42627,372321,2019-04-01,1,type1,head,type1,4
cash-in,69208,97637,372321,2019-03-03,1,type1,head,type1,3
cash-in,69208,66062,372321,2019-03-15,1,type1,head,type1,3
cash-in,69208,71259,372321,2019-05-02,1,type1,head,type1,5
cash-in,69208,55007,372321,2019-03-11,1,type1,head,type1,3
cash-in,69208,62050,372321,2019-07-02,1,type1,head,type1,7
cash-in,69208,23494,372321,2019-02-21,1,type1,head,type1,2
cash-in,69208,38720,372321,2019-05-30,1,type1,head,type1,5
cash-in,69208,24349,372321,2019-04-14,1,type1,head,type1,4
cash-in,69208,7654,372321,2019-06-03,1,type1,head,type1,6
cash-in,69208,85699,372321,2019-07-20,1,type1,head,type1,7
cash-in,69208,98036,372321,2019-03-13,1,type1,head,type1,3
cash-in,69208,32455,372321,2019-02-26,1,type1,head,type1,2
cash-in,69208,91032,372321,2019-06-28,1,type1,head,type1,6
cash-in,69208,6897,372321,2019-05-11,1,type1,head,type1,5
cash-in,69208,51077,372321,2019-06-12,1,type1,head,type1,6
cash-in,69208,13633,372321,2019-07-05,1,type1,head,type1,7
cash-in,69208,48273,372322,2019-06-16,1,type1,head,type1,6
cash-in,71475,10234,1002226,2019-03-09,1,type1,head,type1,3
cash-in,71475,75572,1002226,2019-04-26,1,type1,head,type1,4
cash-in,71475,50788,1002226,2019-04-04,1,type1,head,type1,4
cash-in,71475,8847,1002226,2019-05-03,1,type1,head,type1,5
cash-in,71475,34483,1002227,2019-05-15,1,type1,head,type1,5
cash-in,71475,72492,1002227,2019-02-22,1,type1,head,type1,2
cash-in,71475,54332,1002227,2019-04-29,1,type1,head,type1,4
cash-in,75076,30252,420044,2019-03-28,1,type1,head,type1,3
cash-in,75076,50080,420044,2019-05-02,1,type1,head,type1,5
cash-in,75076,98057,420044,2019-07-11,1,type1,head,type1,7
cash-in,75076,30180,420044,2019-07-17,1,type1,head,type1,7
cash-in,75076,92527,420044,2019-03-25,1,type1,head,type1,3
cash-in,75076,24618,420044,2019-07-09,1,type1,head,type1,7
cash-in,75076,6644,420044,2019-06-09,1,type1,head,type1,6
cash-in,75076,24841,420044,2019-07-16,1,type1,head,type1,7
cash-in,75076,20067,420044,2019-04-13,1,type1,head,type1,4
cash-in,75076,6646,420044,2019-05-20,1,type1,head,type1,5
cash-in,75076,90581,420044,2019-05-18,1,type1,head,type1,5
cash-in,75076,50112,420044,2019-05-23,1,type1,head,type1,5
cash-in,75076,75668,420044,2019-05-12,1,type1,head,type1,5
cash-in,75076,66439,420044,2019-04-18,1,type1,head,type1,4
cash-in,75076,16595,420044,2019-07-06,1,type1,head,type1,7
cash-in,75076,71373,420045,2019-03-19,1,type1,head,type1,3
cash-in,75076,49051,420045,2019-04-30,1,type1,head,type1,4
cash-in,75076,34544,420045,2019-02-21,1,type1,head,type1,2
cash-in,75076,1512,420045,2019-07-07,1,type1,head,type1,7
cash-in,82930,82726,779884,2019-04-01,1,type1,head,type1,4
cash-in,82930,72794,779884,2019-03-22,1,type1,head,type1,3
cash-in,82930,43090,779884,2019-05-16,1,type1,head,type1,5
cash-in,82930,16422,779884,2019-05-15,1,type1,head,type1,5
cash-in,82930,85116,779884,2019-04-08,1,type1,head,type1,4
cash-in,82930,83961,779884,2019-03-26,1,type1,head,type1,3
cash-in,82930,29156,779884,2019-03-05,1,type1,head,type1,3
cash-in,82930,89577,779884,2019-07-12,1,type1,head,type1,7
cash-in,82930,45031,779884,2019-03-12,1,type1,head,type1,3
cash-in,82930,67096,779885,2019-06-23,1,type1,head,type1,6
cash-in,13919,53522,323248,2019-07-13,1,type1,head,type1,7
cash-in,13919,61430,323248,2019-07-01,1,type1,head,type1,7
cash-in,13919,33512,323248,2019-07-05,1,type1,head,type1,7
cash-in,13919,45513,323248,2019-05-18,1,type1,head,type1,5
cash-in,13919,90767,323248,2019-04-28,1,type1,head,type1,4
cash-in,13919,11846,323248,2019-04-06,1,type1,head,type1,4
cash-in,13919,25667,323248,2019-07-14,1,type1,head,type1,7
cash-in,13919,27636,323248,2019-05-03,1,type1,head,type1,5
cash-in,13919,63975,323248,2019-05-25,1,type1,head,type1,5
cash-in,13919,50139,323248,2019-05-22,1,type1,head,type1,5
cash-in,13919,86945,323248,2019-03-24,1,type1,head,type1,3
cash-in,13919,87092,323248,2019-04-16,1,type1,head,type1,4
cash-in,13919,68015,323248,2019-03-27,1,type1,head,type1,3
cash-in,13919,79614,323248,2019-04-09,1,type1,head,type1,4
cash-in,13919,31440,323248,2019-05-14,1,type1,head,type1,5
cash-in,13919,57534,323248,2019-04-28,1,type1,head,type1,4
cash-in,13919,26472,323248,2019-02-24,1,type1,head,type1,2
cash-in,13919,6984,323248,2019-04-04,1,type1,head,type1,4
cash-in,13919,33911,323248,2019-05-03,1,type1,head,type1,5
cash-in,13919,44716,323248,2019-03-16,1,type1,head,type1,3
cash-in,13919,57919,323248,2019-04-29,1,type1,head,type1,4
cash-in,13919,95350,323248,2019-05-23,1,type1,head,type1,5
cash-in,13919,95241,323248,2019-04-25,1,type1,head,type1,4
cash-in,13919,59719,323249,2019-07-05,1,type1,head,type1,7
transfer,42454,32893,7270189,2019-02-25,1,type2,head,type2,2
transfer,30530,36647,7270189,2019-03-17,1,type2,colleague,type2,3
transfer,36647,64269,7270189,2019-05-29,1,type2,head,type2,5
transfer,36647,64269,7270189,2019-05-29,1,type2,colleague,type2,5
transfer,64269,48051,7270189,2019-05-31,1,type2,colleague,type2,5
transfer,48051,1970,7270189,2019-07-16,1,type2,colleague,type2,7
transfer,44881,76348,5983503,2019-03-06,1,type2,head,type2,3
transfer,96871,70897,5983503,2019-04-10,1,type2,colleague,type2,4
transfer,70897,98417,5983503,2019-04-16,1,type2,head,type2,4
transfer,70897,98417,5983503,2019-04-16,1,type2,colleague,type2,4
transfer,98417,77678,5983503,2019-04-25,1,type2,colleague,type2,4
transfer,77678,98047,5983503,2019-05-26,1,type2,colleague,type2,5
transfer,98047,60563,5983503,2019-06-05,1,type2,colleague,type2,6
transfer,60563,414,5983503,2019-07-15,1,type2,colleague,type2,7
transfer,414,84965,5983503,2019-07-19,1,type2,colleague,type2,7
transfer,58314,96855,6944610,2019-02-26,1,type2,head,type2,2
transfer,92885,85539,6944610,2019-03-06,1,type2,colleague,type2,3
transfer,85539,74228,6944610,2019-03-26,1,type2,head,type2,3
transfer,85539,74228,6944610,2019-03-26,1,type2,colleague,type2,3
transfer,74228,35778,6944610,2019-04-02,1,type2,colleague,type2,4
transfer,35778,66713,6944610,2019-04-08,1,type2,colleague,type2,4
transfer,66713,8567,6944610,2019-04-12,1,type2,colleague,type2,4
transfer,8567,87555,6944610,2019-04-19,1,type2,colleague,type2,4
transfer,87555,91021,6944610,2019-04-19,1,type2,colleague,type2,4
transfer,91021,59712,6944610,2019-04-21,1,type2,colleague,type2,4
transfer,59712,33274,6944610,2019-04-23,1,type2,colleague,type2,4
transfer,33274,95242,6944610,2019-05-07,1,type2,colleague,type2,5
transfer,95242,70731,6944610,2019-05-09,1,type2,colleague,type2,5
transfer,70731,41780,6944610,2019-05-10,1,type2,colleague,type2,5
transfer,41780,35225,6944610,2019-05-15,1,type2,colleague,type2,5
transfer,35225,47114,6944610,2019-05-21,1,type2,colleague,type2,5
transfer,47114,13272,6944610,2019-05-25,1,type2,colleague,type2,5
transfer,13272,5645,6944610,2019-05-31,1,type2,colleague,type2,5
transfer,5645,70436,6944610,2019-06-05,1,type2,colleague,type2,6
transfer,70436,2802,6944610,2019-06-05,1,type2,colleague,type2,6
transfer,2802,87433,6944610,2019-06-13,1,type2,colleague,type2,6
transfer,87433,90992,6944610,2019-06-28,1,type2,colleague,type2,6
transfer,90992,4943,6944610,2019-07-05,1,type2,colleague,type2,7
transfer,83481,18652,7259213,2019-02-24,1,type2,head,type2,2
transfer,46559,82128,7259213,2019-03-15,1,type2,colleague,type2,3
transfer,82128,35540,7259213,2019-03-18,1,type2,head,type2,3
transfer,82128,35540,7259213,2019-03-18,1,type2,colleague,type2,3
transfer,35540,48703,7259213,2019-04-03,1,type2,colleague,type2,4
transfer,48703,4689,7259213,2019-04-07,1,type2,colleague,type2,4
transfer,4689,73081,7259213,2019-04-14,1,type2,colleague,type2,4
transfer,73081,43005,7259213,2019-04-27,1,type2,colleague,type2,4
transfer,43005,23718,7259213,2019-04-29,1,type2,colleague,type2,4
transfer,23718,75731,7259213,2019-05-10,1,type2,colleague,type2,5
transfer,75731,13541,7259213,2019-05-12,1,type2,colleague,type2,5
transfer,13541,86616,7259213,2019-05-21,1,type2,colleague,type2,5
transfer,86616,30351,7259213,2019-05-23,1,type2,colleague,type2,5
transfer,30351,54421,7259213,2019-05-24,1,type2,colleague,type2,5
transfer,54421,71902,7259213,2019-05-26,1,type2,colleague,type2,5
transfer,71902,89585,7259213,2019-06-09,1,type2,colleague,type2,6
transfer,89585,62633,7259213,2019-06-11,1,type2,colleague,type2,6
transfer,62633,51413,7259213,2019-06-20,1,type2,colleague,type2,6
transfer,51413,51492,7259213,2019-06-20,1,type2,colleague,type2,6
transfer,51492,67532,7259213,2019-06-20,1,type2,colleague,type2,6
transfer,67532,20238,7259213,2019-06-27,1,type2,colleague,type2,6
transfer,20238,95209,7259213,2019-06-30,1,type2,colleague,type2,6
transfer,95209,12159,7259213,2019-07-01,1,type2,colleague,type2,7
transfer,12159,31132,7259213,2019-07-18,1,type2,colleague,type2,7
transfer,51905,83520,7042628,2019-03-13,1,type2,head,type2,3
transfer,21933,28680,7042628,2019-03-14,1,type2,colleague,type2,3
transfer,28680,61453,7042628,2019-03-18,1,type2,head,type2,3
transfer,28680,61453,7042628,2019-03-18,1,type2,colleague,type2,3
transfer,61453,99444,7042628,2019-04-23,1,type2,colleague,type2,4
transfer,99444,25410,7042628,2019-04-23,1,type2,colleague,type2,4
transfer,25410,98222,7042628,2019-05-27,1,type2,colleague,type2,5
transfer,98222,48954,7042628,2019-06-05,1,type2,colleague,type2,6
transfer,48954,62123,7042628,2019-06-11,1,type2,colleague,type2,6
transfer,62123,1008,7042628,2019-07-01,1,type2,colleague,type2,7
transfer,1008,19795,7042628,2019-07-08,1,type2,colleague,type2,7
transfer,19795,36123,7042628,2019-07-08,1,type2,colleague,type2,7
transfer,47590,16290,7130066,2019-03-08,1,type2,head,type2,3
transfer,12859,60685,7130066,2019-03-09,1,type2,colleague,type2,3
transfer,60685,93590,7130066,2019-04-08,1,type2,head,type2,4
transfer,60685,93590,7130066,2019-04-08,1,type2,colleague,type2,4
transfer,93590,41731,7130066,2019-04-26,1,type2,colleague,type2,4
transfer,41731,59544,7130066,2019-04-29,1,type2,colleague,type2,4
transfer,59544,34132,7130066,2019-05-05,1,type2,colleague,type2,5
transfer,34132,28150,7130066,2019-05-19,1,type2,colleague,type2,5
transfer,28150,44752,7130066,2019-05-23,1,type2,colleague,type2,5
transfer,44752,63384,7130066,2019-05-25,1,type2,colleague,type2,5
transfer,63384,28424,7130066,2019-05-27,1,type2,colleague,type2,5
transfer,28424,17067,7130066,2019-06-17,1,type2,colleague,type2,6
transfer,17067,61320,7130066,2019-07-05,1,type2,colleague,type2,7
transfer,61320,11181,7130066,2019-07-13,1,type2,colleague,type2,7
transfer,70212,19597,7474036,2019-03-03,1,type2,head,type2,3
transfer,1265,66955,7474036,2019-03-28,1,type2,colleague,type2,3
transfer,66955,47361,7474036,2019-04-01,1,type2,head,type2,4
transfer,66955,47361,7474036,2019-04-01,1,type2,colleague,type2,4
transfer,47361,55499,7474036,2019-05-11,1,type2,colleague,type2,5
transfer,55499,37773,7474036,2019-05-14,1,type2,colleague,type2,5
transfer,37773,25554,7474036,2019-05-17,1,type2,colleague,type2,5
transfer,25554,59135,7474036,2019-05-24,1,type2,colleague,type2,5
transfer,59135,50648,7474036,2019-06-02,1,type2,colleague,type2,6
transfer,50648,67134,7474036,2019-06-09,1,type2,colleague,type2,6
transfer,67134,98434,7474036,2019-06-15,1,type2,colleague,type2,6
transfer,98434,15793,7474036,2019-07-06,1,type2,colleague,type2,7
transfer,15793,28005,7474036,2019-07-17,1,type2,colleague,type2,7
transfer,28005,77462,7474036,2019-07-18,1,type2,colleague,type2,7
transfer,31270,93784,7629866,2019-03-08,1,type2,head,type2,3
transfer,12394,12290,7629866,2019-03-27,1,type2,colleague,type2,3
transfer,12290,31377,7629866,2019-05-12,1,type2,head,type2,5
transfer,12290,31377,7629866,2019-05-12,1,type2,colleague,type2,5
transfer,31377,45615,7629866,2019-06-01,1,type2,colleague,type2,6
transfer,45615,18899,7629866,2019-06-17,1,type2,colleague,type2,6
transfer,18899,79698,7629866,2019-06-22,1,type2,colleague,type2,6
transfer,79698,5891,7629866,2019-07-05,1,type2,colleague,type2,7
transfer,5891,27880,7629866,2019-07-06,1,type2,colleague,type2,7
transfer,29182,4588,7881878,2019-02-22,1,type2,head,type2,2
transfer,30874,10085,7881878,2019-03-21,1,type2,colleague,type2,3
transfer,10085,75200,7881878,2019-04-08,1,type2,head,type2,4
transfer,10085,75200,7881878,2019-04-08,1,type2,colleague,type2,4
transfer,75200,90043,7881878,2019-04-13,1,type2,colleague,type2,4
transfer,90043,18262,7881878,2019-05-10,1,type2,colleague,type2,5
transfer,18262,27723,7881878,2019-05-11,1,type2,colleague,type2,5
transfer,27723,76733,7881878,2019-05-19,1,type2,colleague,type2,5
transfer,76733,60635,7881878,2019-06-01,1,type2,colleague,type2,6
transfer,60635,79115,7881878,2019-06-03,1,type2,colleague,type2,6
transfer,79115,81153,7881878,2019-07-04,1,type2,colleague,type2,7
transfer,81153,61280,7881878,2019-07-07,1,type2,colleague,type2,7
transfer,61280,70824,7881878,2019-07-17,1,type2,colleague,type2,7
transfer,25682,59982,5505135,2019-02-21,1,type2,head,type2,2
transfer,87061,55735,5505135,2019-02-26,1,type2,colleague,type2,2
transfer,55735,81463,5505135,2019-03-04,1,type2,head,type2,3
transfer,55735,81463,5505135,2019-03-04,1,type2,colleague,type2,3
transfer,81463,29791,5505135,2019-03-20,1,type2,colleague,type2,3
transfer,29791,84810,5505135,2019-03-27,1,type2,colleague,type2,3
transfer,84810,18415,5505135,2019-03-31,1,type2,colleague,type2,3
transfer,18415,40262,5505135,2019-04-11,1,type2,colleague,type2,4
transfer,40262,91800,5505135,2019-04-12,1,type2,colleague,type2,4
transfer,91800,78720,5505135,2019-04-12,1,type2,colleague,type2,4
transfer,78720,23436,5505135,2019-04-17,1,type2,colleague,type2,4
transfer,23436,23329,5505135,2019-04-19,1,type2,colleague,type2,4
transfer,23329,77289,5505135,2019-05-04,1,type2,colleague,type2,5
transfer,77289,24637,5505135,2019-05-14,1,type2,colleague,type2,5
transfer,24637,23120,5505135,2019-05-19,1,type2,colleague,type2,5
transfer,23120,23021,5505135,2019-06-01,1,type2,colleague,type2,6
transfer,23021,35384,5505135,2019-06-04,1,type2,colleague,type2,6
transfer,35384,36942,5505135,2019-06-06,1,type2,colleague,type2,6
transfer,36942,44071,5505135,2019-06-07,1,type2,colleague,type2,6
transfer,44071,6211,5505135,2019-06-30,1,type2,colleague,type2,6
transfer,6211,40833,5505135,2019-07-02,1,type2,colleague,type2,7
transfer,40833,69782,5505135,2019-07-12,1,type2,colleague,type2,7
transfer,69782,1906,5505135,2019-07-12,1,type2,colleague,type2,7
transfer,39185,10202,5004735,2019-03-03,1,type2,head,type2,3
transfer,8566,68275,5004735,2019-04-03,1,type2,colleague,type2,4
transfer,68275,54367,5004735,2019-04-26,1,type2,head,type2,4
transfer,68275,54367,5004735,2019-04-26,1,type2,colleague,type2,4
transfer,54367,31610,5004735,2019-05-17,1,type2,colleague,type2,5
transfer,31610,65175,5004735,2019-05-21,1,type2,colleague,type2,5
transfer,65175,2349,5004735,2019-05-25,1,type2,colleague,type2,5
transfer,2349,59772,5004735,2019-06-08,1,type2,colleague,type2,6
transfer,59772,91404,5004735,2019-06-10,1,type2,colleague,type2,6
transfer,91404,54988,5004735,2019-06-19,1,type2,colleague,type2,6
transfer,54988,88062,5004735,2019-06-28,1,type2,colleague,type2,6
transfer,88062,51626,5004735,2019-07-02,1,type2,colleague,type2,7
transfer,51626,12781,5004735,2019-07-03,1,type2,colleague,type2,7
transfer,20849,70229,5820894,2019-02-22,1,type2,head,type2,2
transfer,355,32083,5820894,2019-02-26,1,type2,colleague,type2,2
transfer,32083,7844,5820894,2019-02-27,1,type2,head,type2,2
transfer,32083,7844,5820894,2019-02-27,1,type2,colleague,type2,2
transfer,7844,57355,5820894,2019-03-01,1,type2,colleague,type2,3
transfer,57355,23333,5820894,2019-03-09,1,type2,colleague,type2,3
transfer,23333,51985,5820894,2019-03-10,1,type2,colleague,type2,3
transfer,51985,90802,5820894,2019-03-18,1,type2,colleague,type2,3
transfer,90802,27855,5820894,2019-03-20,1,type2,colleague,type2,3
transfer,27855,22279,5820894,2019-04-16,1,type2,colleague,type2,4
transfer,22279,78391,5820894,2019-04-16,1,type2,colleague,type2,4
transfer,78391,65372,5820894,2019-05-09,1,type2,colleague,type2,5
transfer,65372,8719,5820894,2019-05-15,1,type2,colleague,type2,5
transfer,8719,59910,5820894,2019-05-19,1,type2,colleague,type2,5
transfer,59910,18263,5820894,2019-05-20,1,type2,colleague,type2,5
transfer,18263,48977,5820894,2019-06-01,1,type2,colleague,type2,6
transfer,48977,90823,5820894,2019-06-02,1,type2,colleague,type2,6
transfer,90823,92278,5820894,2019-06-04,1,type2,colleague,type2,6
transfer,92278,59150,5820894,2019-06-08,1,type2,colleague,type2,6
transfer,59150,55884,5820894,2019-06-10,1,type2,colleague,type2,6
transfer,55884,15913,5820894,2019-06-13,1,type2,colleague,type2,6
transfer,15913,99193,5820894,2019-07-02,1,type2,colleague,type2,7
transfer,99193,2405,5820894,2019-07-03,1,type2,colleague,type2,7
transfer,30553,89924,7013498,2019-02-28,1,type2,head,type2,2
transfer,75789,8475,7013498,2019-03-09,1,type2,colleague,type2,3
transfer,8475,68269,7013498,2019-03-13,1,type2,head,type2,3
transfer,8475,68269,7013498,2019-03-13,1,type2,colleague,type2,3
transfer,68269,17819,7013498,2019-03-19,1,type2,colleague,type2,3
transfer,17819,9884,7013498,2019-03-25,1,type2,colleague,type2,3
transfer,9884,95983,7013498,2019-04-20,1,type2,colleague,type2,4
transfer,95983,56458,7013498,2019-04-28,1,type2,colleague,type2,4
transfer,56458,22341,7013498,2019-05-01,1,type2,colleague,type2,5
transfer,22341,636,7013498,2019-05-05,1,type2,colleague,type2,5
transfer,636,63148,7013498,2019-05-15,1,type2,colleague,type2,5
transfer,63148,89382,7013498,2019-05-20,1,type2,colleague,type2,5
transfer,89382,44038,7013498,2019-05-27,1,type2,colleague,type2,5
transfer,44038,49500,7013498,2019-05-31,1,type2,colleague,type1,5
transfer,44038,49500,7013498,2019-05-31,1,type2,colleague,type2,5
transfer,49500,89628,7013498,2019-06-03,1,type2,colleague,type2,6
transfer,89628,68940,7013498,2019-06-28,1,type2,colleague,type2,6
transfer,68940,8637,7013498,2019-06-29,1,type2,colleague,type2,6
transfer,8637,38215,7013498,2019-07-01,1,type2,colleague,type2,7
transfer,38215,35484,7013498,2019-07-04,1,type2,colleague,type2,7
transfer,35484,3185,7013498,2019-07-08,1,type2,colleague,type2,7
transfer,3185,46114,7013498,2019-07-15,1,type2,colleague,type2,7
transfer,85457,50028,5523379,2019-02-21,1,type2,head,type2,2
transfer,56742,1366,5523379,2019-02-27,1,type2,colleague,type2,2
transfer,1366,3381,5523379,2019-03-01,1,type2,head,type2,3
transfer,1366,3381,5523379,2019-03-01,1,type2,colleague,type2,3
transfer,3381,50866,5523379,2019-03-04,1,type2,colleague,type2,3
transfer,50866,62749,5523379,2019-03-06,1,type2,colleague,type2,3
transfer,62749,3912,5523379,2019-03-12,1,type2,colleague,type2,3
transfer,3912,62828,5523379,2019-04-01,1,type2,colleague,type2,4
transfer,62828,62413,5523379,2019-04-05,1,type2,colleague,type2,4
transfer,62413,8657,5523379,2019-04-16,1,type2,colleague,type2,4
transfer,8657,57832,5523379,2019-04-16,1,type2,colleague,type2,4
transfer,57832,82169,5523379,2019-05-07,1,type2,colleague,type2,5
transfer,82169,36275,5523379,2019-05-24,1,type2,colleague,type2,5
transfer,36275,18972,5523379,2019-05-24,1,type2,colleague,type2,5
transfer,18972,62001,5523379,2019-06-02,1,type2,colleague,type2,6
transfer,62001,50177,5523379,2019-06-12,1,type2,colleague,type2,6
transfer,50177,94708,5523379,2019-07-02,1,type2,colleague,type2,7
transfer,94708,41032,5523379,2019-07-05,1,type2,colleague,type2,7
transfer,41032,30699,5523379,2019-07-11,1,type2,colleague,type2,7
transfer,30699,97635,5523379,2019-07-16,1,type2,colleague,type2,7
transfer,97635,90379,5523379,2019-07-18,1,type2,colleague,type2,7
transfer,73532,58640,6654803,2019-02-21,1,type2,head,type2,2
transfer,1577,84551,6654803,2019-03-06,1,type2,colleague,type2,3
transfer,84551,97738,6654803,2019-03-21,1,type2,head,type2,3
transfer,84551,97738,6654803,2019-03-21,1,type2,colleague,type2,3
transfer,97738,92460,6654803,2019-03-25,1,type2,colleague,type2,3
transfer,92460,6599,6654803,2019-03-26,1,type2,colleague,type2,3
transfer,6599,32997,6654803,2019-03-28,1,type2,colleague,type2,3
transfer,32997,57384,6654803,2019-04-01,1,type2,colleague,type2,4
transfer,57384,42460,6654803,2019-04-04,1,type2,colleague,type2,4
transfer,42460,32346,6654803,2019-04-12,1,type2,colleague,type2,4
transfer,32346,26734,6654803,2019-04-16,1,type2,colleague,type2,4
transfer,26734,78224,6654803,2019-04-16,1,type2,colleague,type2,4
transfer,78224,64582,6654803,2019-04-16,1,type2,colleague,type2,4
transfer,64582,57711,6654803,2019-05-05,1,type2,colleague,type2,5
transfer,57711,89866,6654803,2019-05-11,1,type2,colleague,type2,5
transfer,89866,9408,6654803,2019-05-17,1,type2,colleague,type2,5
transfer,9408,47099,6654803,2019-05-19,1,type2,colleague,type2,5
transfer,47099,28292,6654803,2019-05-25,1,type2,colleague,type2,5
transfer,28292,24583,6654803,2019-06-06,1,type2,colleague,type2,6
transfer,24583,94580,6654803,2019-06-07,1,type2,colleague,type2,6
transfer,94580,98137,6654803,2019-06-23,1,type2,colleague,type2,6
transfer,98137,52566,6654803,2019-07-08,1,type2,colleague,type2,7
transfer,52566,8509,6654803,2019-07-10,1,type2,colleague,type2,7
transfer,8509,82804,6654803,2019-07-18,1,type2,colleague,type2,7
transfer,61330,80052,7012527,2019-03-25,1,type2,head,type2,3
transfer,52054,75252,7012527,2019-04-08,1,type2,colleague,type2,4
transfer,75252,94658,7012527,2019-04-13,1,type2,head,type2,4
transfer,75252,94658,7012527,2019-04-13,1,type2,colleague,type2,4
transfer,94658,29555,7012527,2019-04-26,1,type2,colleague,type2,4
transfer,29555,83209,7012527,2019-05-12,1,type2,colleague,type2,5
transfer,83209,25531,7012527,2019-05-18,1,type2,colleague,type2,5
transfer,25531,37485,7012527,2019-05-19,1,type2,colleague,type2,5
transfer,37485,52245,7012527,2019-06-07,1,type2,colleague,type2,6
transfer,52245,27205,7012527,2019-06-29,1,type2,colleague,type2,6
transfer,27205,7012,7012527,2019-07-02,1,type2,colleague,type2,7
transfer,34166,99897,6763814,2019-02-21,1,type2,head,type2,2
transfer,90762,94652,6763814,2019-05-08,1,type2,colleague,type2,5
transfer,94652,294,6763814,2019-06-07,1,type2,head,type2,6
transfer,94652,294,6763814,2019-06-07,1,type2,colleague,type2,6
transfer,294,42293,6763814,2019-06-07,1,type2,colleague,type2,6
transfer,57833,5702,5815280,2019-03-02,1,type2,head,type2,3
transfer,65057,8971,5815280,2019-03-16,1,type2,colleague,type2,3
transfer,8971,71695,5815280,2019-03-17,1,type2,head,type2,3
transfer,8971,71695,5815280,2019-03-17,1,type2,colleague,type2,3
transfer,71695,40056,5815280,2019-04-05,1,type2,colleague,type2,4
transfer,40056,65904,5815280,2019-04-07,1,type2,colleague,type2,4
transfer,65904,38537,5815280,2019-04-09,1,type2,colleague,type2,4
transfer,38537,93771,5815280,2019-04-09,1,type2,colleague,type2,4
transfer,93771,48889,5815280,2019-04-16,1,type2,colleague,type2,4
transfer,48889,37799,5815280,2019-04-19,1,type2,colleague,type2,4
transfer,37799,78632,5815280,2019-04-30,1,type2,colleague,type2,4
transfer,78632,66144,5815280,2019-05-01,1,type2,colleague,type2,5
transfer,66144,55902,5815280,2019-05-07,1,type2,colleague,type2,5
transfer,55902,46192,5815280,2019-05-09,1,type2,colleague,type2,5
transfer,46192,92695,5815280,2019-06-01,1,type2,colleague,type2,6
transfer,92695,9761,5815280,2019-06-06,1,type2,colleague,type2,6
transfer,9761,73630,5815280,2019-06-08,1,type2,colleague,type2,6
transfer,73630,79987,5815280,2019-06-28,1,type2,colleague,type2,6
transfer,79987,9368,5815280,2019-07-01,1,type2,colleague,type2,7
transfer,9368,88486,5815280,2019-07-10,1,type2,colleague,type2,7
transfer,88486,66606,5815280,2019-07-10,1,type2,colleague,type2,7
transfer,66606,35053,5815280,2019-07-12,1,type2,colleague,type2,7
transfer,35053,50985,5815280,2019-07-13,1,type2,colleague,type2,7
transfer,50985,88714,5815280,2019-07-17,1,type2,colleague,type2,7
transfer,95835,53518,7952497,2019-05-07,1,type2,head,type2,5
transfer,60865,67506,7952497,2019-05-16,1,type2,colleague,type2,5
transfer,67506,41341,7952497,2019-06-08,1,type2,head,type2,6
transfer,67506,41341,7952497,2019-06-08,1,type2,colleague,type2,6
transfer,41341,25679,7952497,2019-07-09,1,type2,colleague,type2,7
transfer,3961,76162,6850595,2019-03-04,1,type2,head,type2,3
transfer,71574,67662,6850595,2019-05-13,1,type2,colleague,type2,5
transfer,67662,57384,6850595,2019-05-19,1,type2,head,type2,5
transfer,67662,57384,6850595,2019-05-19,1,type2,colleague,type2,5
transfer,57384,90524,6850595,2019-06-02,1,type2,colleague,type2,6
transfer,68625,17909,6615328,2019-02-28,1,type2,head,type2,2
transfer,38002,56721,6615328,2019-04-23,1,type2,colleague,type2,4
transfer,56721,33784,6615328,2019-04-24,1,type2,head,type2,4
transfer,56721,33784,6615328,2019-04-24,1,type2,colleague,type2,4
transfer,33784,51575,6615328,2019-06-17,1,type2,colleague,type2,6
transfer,51575,78164,6615328,2019-06-17,1,type2,colleague,type2,6
transfer,78164,93853,6615328,2019-06-22,1,type2,colleague,type2,6
transfer,93853,76022,6615328,2019-06-25,1,type2,colleague,type2,6
transfer,76022,19634,6615328,2019-07-01,1,type2,colleague,type2,7
transfer,66897,87520,6421783,2019-03-08,1,type2,head,type2,3
transfer,87615,52483,6421783,2019-04-16,1,type2,colleague,type2,4
transfer,52483,76267,6421783,2019-05-08,1,type2,head,type2,5
transfer,52483,76267,6421783,2019-05-08,1,type2,colleague,type2,5
transfer,76267,45383,6421783,2019-05-11,1,type2,colleague,type2,5
transfer,45383,5110,6421783,2019-05-15,1,type2,colleague,type2,5
transfer,5110,62286,6421783,2019-05-20,1,type2,colleague,type2,5
transfer,62286,81909,6421783,2019-05-27,1,type2,colleague,type2,5
transfer,81909,26650,6421783,2019-06-05,1,type2,colleague,type2,6
transfer,26650,63119,6421783,2019-06-06,1,type2,colleague,type2,6
transfer,63119,41122,6421783,2019-06-14,1,type2,colleague,type2,6
transfer,41122,54119,6421783,2019-06-24,1,type2,colleague,type2,6
transfer,54119,97966,6421783,2019-07-06,1,type2,colleague,type2,7
transfer,950,88357,6493011,2019-03-05,1,type2,head,type2,3
transfer,96627,71881,6493011,2019-03-22,1,type2,colleague,type2,3
transfer,71881,10608,6493011,2019-04-17,1,type2,head,type2,4
transfer,71881,10608,6493011,2019-04-17,1,type2,colleague,type2,4
transfer,10608,16272,6493011,2019-04-30,1,type2,colleague,type2,4
transfer,16272,62981,6493011,2019-05-06,1,type2,colleague,type2,5
transfer,62981,11695,6493011,2019-05-12,1,type2,colleague,type2,5
transfer,11695,74486,6493011,2019-05-16,1,type2,colleague,type2,5
transfer,74486,38258,6493011,2019-05-23,1,type2,colleague,type2,5
transfer,38258,93492,6493011,2019-05-28,1,type2,colleague,type2,5
transfer,93492,2466,6493011,2019-05-30,1,type2,colleague,type2,5
transfer,2466,44313,6493011,2019-06-04,1,type2,colleague,type2,6
transfer,44313,37630,6493011,2019-06-07,1,type2,colleague,type2,6
transfer,37630,98242,6493011,2019-06-22,1,type2,colleague,type2,6
transfer,98242,15558,6493011,2019-07-13,1,type2,colleague,type2,7
transfer,15558,81278,6493011,2019-07-15,1,type2,colleague,type2,7
transfer,14363,95594,5972619,2019-02-23,1,type2,head,type2,2
transfer,35300,1991,5972619,2019-03-29,1,type2,colleague,type2,3
transfer,1991,82483,5972619,2019-04-15,1,type2,head,type2,4
transfer,1991,82483,5972619,2019-04-15,1,type2,colleague,type2,4
transfer,82483,63326,5972619,2019-04-26,1,type2,colleague,type2,4
transfer,63326,70242,5972619,2019-05-09,1,type2,colleague,type2,5
transfer,70242,63810,5972619,2019-05-18,1,type2,colleague,type2,5
transfer,63810,22306,5972619,2019-06-28,1,type2,colleague,type2,6
transfer,21038,16863,6352694,2019-03-04,1,type2,head,type2,3
transfer,38558,57768,6352694,2019-03-12,1,type2,colleague,type2,3
transfer,57768,9810,6352694,2019-03-14,1,type2,head,type2,3
transfer,57768,9810,6352694,2019-03-14,1,type2,colleague,type2,3
transfer,9810,51713,6352694,2019-03-19,1,type2,colleague,type2,3
transfer,51713,61936,6352694,2019-03-28,1,type2,colleague,type2,3
transfer,61936,68283,6352694,2019-04-09,1,type2,colleague,type2,4
transfer,68283,51673,6352694,2019-04-25,1,type2,colleague,type2,4
transfer,51673,65837,6352694,2019-04-29,1,type2,colleague,type2,4
transfer,65837,26663,6352694,2019-05-26,1,type2,colleague,type2,5
transfer,45741,44840,7422956,2019-02-27,1,type2,head,type2,2
transfer,15517,7654,7422956,2019-03-15,1,type2,colleague,type2,3
transfer,7654,86315,7422956,2019-03-17,1,type2,head,type2,3
transfer,7654,86315,7422956,2019-03-17,1,type2,colleague,type1,3
transfer,7654,86315,7422956,2019-03-17,1,type2,colleague,type2,3
transfer,86315,46239,7422956,2019-03-25,1,type2,colleague,type2,3
transfer,46239,96888,7422956,2019-04-03,1,type2,colleague,type2,4
transfer,96888,43458,7422956,2019-04-03,1,type2,colleague,type2,4
transfer,43458,10997,7422956,2019-04-04,1,type2,colleague,type2,4
transfer,10997,33473,7422956,2019-04-07,1,type2,colleague,type2,4
transfer,33473,32740,7422956,2019-04-17,1,type2,colleague,type2,4
transfer,32740,9490,7422956,2019-04-22,1,type2,colleague,type2,4
transfer,9490,56185,7422956,2019-04-30,1,type2,colleague,type2,4
transfer,56185,32420,7422956,2019-05-11,1,type2,colleague,type2,5
transfer,32420,77936,7422956,2019-06-09,1,type2,colleague,type2,6
transfer,77936,78819,7422956,2019-06-10,1,type2,colleague,type2,6
transfer,78819,47111,7422956,2019-06-12,1,type2,colleague,type2,6
transfer,47111,34947,7422956,2019-06-14,1,type2,colleague,type2,6
transfer,34947,55838,7422956,2019-06-17,1,type2,colleague,type2,6
transfer,55838,13410,7422956,2019-06-22,1,type2,colleague,type2,6
transfer,13410,95198,7422956,2019-06-23,1,type2,colleague,type2,6
transfer,95198,76344,7422956,2019-06-29,1,type2,colleague,type2,6
transfer,76344,23503,7422956,2019-06-30,1,type2,colleague,type2,6
transfer,23503,74586,7422956,2019-07-06,1,type2,colleague,type2,7
transfer,74586,22963,7422956,2019-07-15,1,type2,colleague,type2,7
transfer,44827,27662,5268988,2019-03-18,1,type2,head,type2,3
transfer,92734,63730,5268988,2019-07-02,1,type2,colleague,type2,7
transfer,63730,77073,5268988,2019-07-05,1,type2,head,type2,7
transfer,63730,77073,5268988,2019-07-05,1,type2,colleague,type2,7
transfer,77073,33133,5268988,2019-07-12,1,type2,colleague,type2,7
transfer,33133,43171,5268988,2019-07-16,1,type2,colleague,type2,7
transfer,10560,16835,7621775,2019-02-23,1,type2,head,type2,2
transfer,58819,55033,7621775,2019-03-01,1,type2,colleague,type2,3
transfer,55033,86948,7621775,2019-03-02,1,type2,head,type2,3
transfer,55033,86948,7621775,2019-03-02,1,type2,colleague,type2,3
transfer,86948,31965,7621775,2019-03-08,1,type2,colleague,type2,3
transfer,31965,69542,7621775,2019-04-09,1,type2,colleague,type2,4
transfer,69542,74761,7621775,2019-04-20,1,type2,colleague,type2,4
transfer,74761,78808,7621775,2019-04-22,1,type2,colleague,type2,4
transfer,78808,24306,7621775,2019-04-23,1,type2,colleague,type2,4
transfer,24306,23199,7621775,2019-04-26,1,type2,colleague,type2,4
transfer,23199,65145,7621775,2019-05-03,1,type2,colleague,type2,5
transfer,65145,96091,7621775,2019-05-03,1,type2,colleague,type2,5
transfer,96091,46638,7621775,2019-05-11,1,type2,colleague,type2,5
transfer,46638,50729,7621775,2019-05-24,1,type2,colleague,type2,5
transfer,50729,90209,7621775,2019-05-27,1,type2,colleague,type2,5
transfer,90209,75622,7621775,2019-05-30,1,type2,colleague,type2,5
transfer,75622,73215,7621775,2019-05-31,1,type2,colleague,type2,5
transfer,73215,89274,7621775,2019-06-10,1,type2,colleague,type2,6
transfer,89274,64868,7621775,2019-06-21,1,type2,colleague,type2,6
transfer,64868,99007,7621775,2019-07-08,1,type2,colleague,type2,7
transfer,99007,77724,7621775,2019-07-16,1,type2,colleague,type2,7
transfer,77724,46022,7621775,2019-07-19,1,type2,colleague,type2,7
transfer,58107,95867,6937925,2019-03-10,1,type2,head,type2,3
transfer,98698,67570,6937925,2019-04-14,1,type2,colleague,type2,4
transfer,67570,32548,6937925,2019-04-22,1,type2,head,type2,4
transfer,67570,32548,6937925,2019-04-22,1,type2,colleague,type2,4
transfer,32548,55468,6937925,2019-04-22,1,type2,colleague,type2,4
transfer,55468,4017,6937925,2019-05-12,1,type2,colleague,type2,5
transfer,4017,33174,6937925,2019-05-19,1,type2,colleague,type2,5
transfer,33174,81173,6937925,2019-05-21,1,type2,colleague,type2,5
transfer,81173,48265,6937925,2019-07-10,1,type2,colleague,type2,7
transfer,34989,47569,5806795,2019-02-25,1,type2,head,type2,2
transfer,54151,44075,5806795,2019-03-15,1,type2,colleague,type2,3
transfer,44075,55646,5806795,2019-03-27,1,type2,head,type2,3
transfer,44075,55646,5806795,2019-03-27,1,type2,colleague,type2,3
transfer,55646,86023,5806795,2019-04-02,1,type2,colleague,type2,4
transfer,86023,65468,5806795,2019-04-11,1,type2,colleague,type2,4
transfer,65468,70267,5806795,2019-04-13,1,type2,colleague,type2,4
transfer,70267,93794,5806795,2019-05-02,1,type2,colleague,type2,5
transfer,93794,98765,5806795,2019-05-25,1,type2,colleague,type2,5
transfer,98765,75873,5806795,2019-06-12,1,type2,colleague,type2,6
transfer,75873,57428,5806795,2019-06-14,1,type2,colleague,type2,6
transfer,57428,55403,5806795,2019-06-17,1,type2,colleague,type2,6
transfer,55403,21474,5806795,2019-06-18,1,type2,colleague,type2,6
transfer,21474,47698,5806795,2019-07-13,1,type2,colleague,type2,7
transfer,47698,82632,5806795,2019-07-19,1,type2,colleague,type2,7
transfer,21697,31137,6738027,2019-02-26,1,type2,head,type2,2
transfer,57938,41703,6738027,2019-03-19,1,type2,colleague,type2,3
transfer,41703,46047,6738027,2019-03-21,1,type2,head,type2,3
transfer,41703,46047,6738027,2019-03-21,1,type2,colleague,type2,3
transfer,46047,74994,6738027,2019-04-19,1,type2,colleague,type2,4
transfer,74994,23866,6738027,2019-04-22,1,type2,colleague,type2,4
transfer,23866,91137,6738027,2019-05-04,1,type2,colleague,type2,5
transfer,91137,12080,6738027,2019-05-15,1,type2,colleague,type2,5
transfer,12080,67573,6738027,2019-05-16,1,type2,colleague,type2,5
transfer,67573,21941,6738027,2019-05-19,1,type2,colleague,type2,5
transfer,21941,76094,6738027,2019-05-20,1,type2,colleague,type2,5
transfer,76094,78341,6738027,2019-05-23,1,type2,colleague,type2,5
transfer,78341,81126,6738027,2019-06-08,1,type2,colleague,type2,6
transfer,81126,2720,6738027,2019-06-17,1,type2,colleague,type2,6
transfer,2720,12602,6738027,2019-07-05,1,type2,colleague,type2,7
transfer,12602,39850,6738027,2019-07-08,1,type2,colleague,type2,7
transfer,39850,12122,6738027,2019-07-08,1,type2,colleague,type2,7
transfer,13911,92420,7525659,2019-02-23,1,type2,head,type2,2
transfer,31871,861,7525659,2019-04-01,1,type2,colleague,type2,4
transfer,861,56503,7525659,2019-04-05,1,type2,head,type2,4
transfer,861,56503,7525659,2019-04-05,1,type2,colleague,type2,4
transfer,56503,12445,7525659,2019-04-23,1,type2,colleague,type2,4
transfer,12445,97343,7525659,2019-04-29,1,type2,colleague,type2,4
transfer,97343,12363,7525659,2019-05-01,1,type2,colleague,type2,5
transfer,12363,60363,7525659,2019-05-04,1,type2,colleague,type2,5
transfer,60363,29297,7525659,2019-05-08,1,type2,colleague,type2,5
transfer,29297,27522,7525659,2019-06-02,1,type2,colleague,type2,6
transfer,27522,59201,7525659,2019-06-10,1,type2,colleague,type2,6
transfer,59201,38897,7525659,2019-06-19,1,type2,colleague,type2,6
transfer,38897,24193,7525659,2019-06-26,1,type2,colleague,type2,6
transfer,24193,31031,7525659,2019-07-09,1,type2,colleague,type2,7
transfer,31031,51196,7525659,2019-07-15,1,type2,colleague,type2,7
transfer,51196,92222,7525659,2019-07-16,1,type2,colleague,type2,7
transfer,92222,78300,7525659,2019-07-19,1,type2,colleague,type2,7
transfer,3508,28046,328814,2019-05-01,1,type3,colleague,type3,5
transfer,13772,28046,328814,2019-06-23,1,type3,colleague,type3,6
transfer,75661,28046,328814,2019-03-21,1,type3,colleague,type3,3
transfer,46526,28046,328814,2019-05-31,1,type3,colleague,type3,5
transfer,34227,28046,328814,2019-05-11,1,type3,colleague,type3,5
transfer,3714,28046,328814,2019-06-08,1,type3,colleague,type3,6
transfer,2658,28046,328814,2019-04-30,1,type3,colleague,type3,4
transfer,8221,28046,328814,2019-06-27,1,type3,colleague,type3,6
transfer,23177,28046,328814,2019-03-23,1,type3,colleague,type3,3
transfer,6847,28046,328814,2019-03-31,1,type3,colleague,type3,3
transfer,70416,28046,328814,2019-07-01,1,type3,colleague,type3,7
transfer,67248,28046,328814,2019-05-22,1,type3,colleague,type3,5
transfer,93447,28046,328814,2019-04-03,1,type3,colleague,type3,4
transfer,45366,28046,328814,2019-03-08,1,type3,colleague,type3,3
transfer,91907,28046,328814,2019-03-22,1,type3,colleague,type3,3
transfer,89933,28046,328814,2019-05-25,1,type3,colleague,type3,5
transfer,48369,28046,328814,2019-03-02,1,type3,colleague,type3,3
transfer,26481,28046,328815,2019-04-12,1,type3,colleague,type3,4
transfer,82518,28046,328815,2019-03-10,1,type3,colleague,type3,3
transfer,87410,90946,222031,2019-07-08,1,type3,colleague,type3,7
transfer,63097,90946,222031,2019-06-12,1,type3,colleague,type3,6
transfer,66494,90946,222031,2019-07-10,1,type3,colleague,type3,7
transfer,18860,90946,222031,2019-06-15,1,type3,colleague,type3,6
transfer,77175,90946,222032,2019-03-26,1,type3,colleague,type3,3
transfer,20337,90946,222032,2019-04-27,1,type3,colleague,type3,4
transfer,91453,90946,222032,2019-06-05,1,type3,colleague,type3,6
transfer,50842,90946,222032,2019-03-27,1,type3,colleague,type3,3
transfer,92791,90946,222032,2019-04-23,1,type3,colleague,type3,4
transfer,13618,90946,222032,2019-05-02,1,type3,colleague,type3,5
transfer,54048,90946,222032,2019-04-24,1,type3,colleague,type3,4
transfer,83487,90946,222032,2019-02-22,1,type3,colleague,type3,2
transfer,23289,90946,222032,2019-03-20,1,type3,colleague,type3,3
transfer,1133,90946,222032,2019-05-12,1,type3,colleague,type3,5
transfer,24249,90946,222032,2019-05-19,1,type3,colleague,type3,5
transfer,16422,90946,222032,2019-05-24,1,type3,colleague,type1,5
transfer,16422,90946,222032,2019-05-24,1,type3,colleague,type3,5
transfer,82454,90946,222032,2019-05-11,1,type3,colleague,type3,5
transfer,23803,90946,222032,2019-05-14,1,type3,colleague,type3,5
transfer,19584,90946,222032,2019-04-25,1,type3,colleague,type3,4
transfer,67950,90946,222032,2019-06-20,1,type3,colleague,type3,6
transfer,34685,90946,222032,2019-05-16,1,type3,colleague,type3,5
transfer,98981,90946,222032,2019-04-02,1,type3,colleague,type3,4
transfer,17988,90946,222032,2019-07-12,1,type3,colleague,type3,7
transfer,185,6477,518689,2019-02-24,1,type3,colleague,type3,2
transfer,58026,6477,518689,2019-04-21,1,type3,colleague,type3,4
transfer,73371,6477,518689,2019-03-12,1,type3,colleague,type3,3
transfer,64845,6477,518689,2019-02-26,1,type3,colleague,type3,2
transfer,58869,6477,518689,2019-04-10,1,type3,colleague,type3,4
transfer,78041,6477,518689,2019-05-08,1,type3,colleague,type3,5
transfer,8400,6477,518689,2019-04-19,1,type3,colleague,type3,4
transfer,3361,6477,518689,2019-03-13,1,type3,colleague,type3,3
transfer,94130,6477,518689,2019-06-03,1,type3,colleague,type3,6
transfer,47205,6477,518689,2019-04-16,1,type3,colleague,type3,4
transfer,23636,6477,518689,2019-05-02,1,type3,colleague,type3,5
transfer,19626,6477,518689,2019-03-08,1,type3,colleague,type3,3
transfer,14656,6477,518690,2019-07-04,1,type3,colleague,type1,7
transfer,14656,6477,518690,2019-07-04,1,type3,colleague,type3,7
transfer,46307,6477,518690,2019-04-13,1,type3,colleague,type3,4
transfer,26783,6477,518690,2019-05-15,1,type3,colleague,type3,5
transfer,77238,61346,288350,2019-03-18,1,type3,colleague,type3,3
transfer,33443,61346,288350,2019-03-30,1,type3,colleague,type3,3
transfer,3092,61346,288350,2019-03-11,1,type3,colleague,type1,3
transfer,3092,61346,288350,2019-03-11,1,type3,colleague,type3,3
transfer,38007,61346,288350,2019-05-27,1,type3,colleague,type3,5
transfer,23784,61346,288350,2019-06-24,1,type3,colleague,type3,6
transfer,46627,61346,288350,2019-03-07,1,type3,colleague,type3,3
transfer,88916,61346,288350,2019-05-08,1,type3,colleague,type3,5
transfer,86756,61346,288350,2019-06-10,1,type3,colleague,type3,6
transfer,64716,61346,288350,2019-07-19,1,type3,colleague,type3,7
transfer,84051,61346,288350,2019-05-14,1,type3,colleague,type3,5
transfer,82508,61346,288350,2019-03-17,1,type3,colleague,type3,3
transfer,61286,61346,288350,2019-05-04,1,type3,colleague,type3,5
transfer,99179,61346,288350,2019-05-30,1,type3,colleague,type3,5
transfer,20814,61346,288350,2019-05-11,1,type3,colleague,type3,5
transfer,19682,61346,288350,2019-07-14,1,type3,colleague,type3,7
transfer,52890,61346,288350,2019-02-20,1,type3,colleague,type3,2
transfer,53113,61346,288350,2019-06-29,1,type3,colleague,type3,6
transfer,98174,61346,288350,2019-05-26,1,type3,colleague,type3,5
transfer,53589,61346,288350,2019-03-31,1,type3,colleague,type3,3
transfer,20451,61346,288350,2019-07-14,1,type3,colleague,type3,7
transfer,19833,61346,288351,2019-06-08,1,type3,colleague,type3,6
transfer,33427,61346,288351,2019-03-12,1,type3,colleague,type3,3
transfer,7181,61346,288351,2019-03-03,1,type3,colleague,type3,3
transfer,92983,61346,288351,2019-04-13,1,type3,colleague,type3,4
transfer,68789,18165,1342478,2019-04-04,1,type3,colleague,type3,4
transfer,21067,18165,1342478,2019-04-13,1,type3,colleague,type3,4
transfer,65809,18165,1342478,2019-06-02,1,type3,colleague,type3,6
transfer,83145,18165,1342479,2019-06-21,1,type3,colleague,type3,6
transfer,25563,9987,652281,2019-05-06,1,type3,colleague,type3,5
transfer,86657,9987,652281,2019-05-31,1,type3,colleague,type3,5
transfer,78922,9987,652281,2019-05-01,1,type3,colleague,type3,5
transfer,91710,9987,652281,2019-04-14,1,type3,colleague,type3,4
transfer,98646,9987,652281,2019-06-26,1,type3,colleague,type3,6
transfer,70703,9987,652281,2019-02-27,1,type3,colleague,type3,2
transfer,87579,9987,652281,2019-06-15,1,type3,colleague,type3,6
transfer,4387,9987,652281,2019-04-25,1,type3,colleague,type3,4
transfer,89776,9987,652281,2019-04-14,1,type3,colleague,type3,4
transfer,5908,9987,652281,2019-05-17,1,type3,colleague,type3,5
transfer,43528,9987,652282,2019-06-25,1,type3,colleague,type3,6
transfer,76945,59470,335914,2019-05-24,1,type3,colleague,type3,5
transfer,64186,59470,335914,2019-05-11,1,type3,colleague,type3,5
transfer,863,59470,335914,2019-07-10,1,type3,colleague,type3,7
transfer,49822,59470,335914,2019-03-26,1,type3,colleague,type3,3
transfer,19706,59470,335914,2019-07-06,1,type3,colleague,type3,7
transfer,21777,59470,335914,2019-05-12,1,type3,colleague,type3,5
transfer,38586,59470,335914,2019-06-02,1,type3,colleague,type3,6
transfer,65014,59470,335914,2019-06-07,1,type3,colleague,type3,6
transfer,4862,59470,335914,2019-03-02,1,type3,colleague,type3,3
transfer,65944,59470,335914,2019-03-19,1,type3,colleague,type3,3
transfer,10011,59470,335914,2019-06-21,1,type3,colleague,type3,6
transfer,1916,59470,335914,2019-05-30,1,type3,colleague,type3,5
transfer,37651,59470,335915,2019-05-22,1,type3,colleague,type3,5
transfer,91064,59470,335915,2019-07-04,1,type3,colleague,type3,7
transfer,49879,59470,335915,2019-06-29,1,type3,colleague,type3,6
transfer,88336,59470,335915,2019-07-11,1,type3,colleague,type3,7
transfer,77247,59470,335915,2019-03-23,1,type3,colleague,type3,3
transfer,13183,59470,335915,2019-05-30,1,type3,colleague,type3,5
transfer,11647,59470,335915,2019-07-06,1,type3,colleague,type3,7
transfer,46359,59470,335915,2019-06-08,1,type3,colleague,type3,6
transfer,41405,59470,335915,2019-04-07,1,type3,colleague,type3,4
transfer,26097,59470,335915,2019-04-06,1,type3,colleague,type3,4
transfer,69397,59470,335915,2019-03-15,1,type3,colleague,type3,3
transfer,35866,35270,335248,2019-07-04,1,type3,colleague,type3,7
transfer,38833,35270,335248,2019-07-13,1,type3,colleague,type3,7
transfer,10607,35270,335248,2019-04-07,1,type3,colleague,type3,4
transfer,27119,35270,335248,2019-06-12,1,type3,colleague,type3,6
transfer,15486,35270,335248,2019-06-22,1,type3,colleague,type3,6
transfer,45257,35270,335248,2019-06-29,1,type3,colleague,type3,6
transfer,51984,35270,335249,2019-07-05,1,type3,colleague,type3,7
transfer,55321,35270,335249,2019-03-20,1,type3,colleague,type3,3
transfer,25847,35270,335249,2019-02-28,1,type3,colleague,type3,2
transfer,74350,35270,335249,2019-05-20,1,type3,colleague,type3,5
transfer,45645,35270,335249,2019-06-06,1,type3,colleague,type3,6
transfer,26144,35270,335249,2019-04-30,1,type3,colleague,type3,4
transfer,195,35270,335249,2019-06-19,1,type3,colleague,type3,6
transfer,67040,35270,335249,2019-05-04,1,type3,colleague,type3,5
transfer,10681,35270,335249,2019-03-22,1,type3,colleague,type3,3
transfer,67565,35270,335249,2019-07-12,1,type3,colleague,type3,7
transfer,91877,35270,335249,2019-05-19,1,type3,colleague,type3,5
transfer,41461,35270,335249,2019-07-07,1,type3,colleague,type3,7
transfer,68821,35270,335249,2019-05-08,1,type3,colleague,type3,5
transfer,80604,35270,335249,2019-05-28,1,type3,colleague,type3,5
transfer,75203,35270,335249,2019-04-27,1,type3,colleague,type3,4
transfer,80621,35270,335249,2019-02-25,1,type3,colleague,type3,2
transfer,14648,3329,422087,2019-03-29,1,type3,colleague,type3,3
transfer,33004,3329,422087,2019-05-20,1,type3,colleague,type3,5
transfer,83005,3329,422087,2019-07-18,1,type3,colleague,type3,7
transfer,91170,3329,422087,2019-04-24,1,type3,colleague,type3,4
transfer,90598,3329,422087,2019-05-27,1,type3,colleague,type3,5
transfer,45283,3329,422087,2019-03-28,1,type3,colleague,type3,3
transfer,99667,3329,422087,2019-06-06,1,type3,colleague,type3,6
transfer,43452,3329,422087,2019-05-11,1,type3,colleague,type3,5
transfer,4089,3329,422087,2019-05-06,1,type3,colleague,type3,5
transfer,54477,3329,422088,2019-05-01,1,type3,colleague,type3,5
transfer,43041,3329,422088,2019-05-13,1,type3,colleague,type3,5
transfer,56477,3329,422088,2019-05-16,1,type3,colleague,type3,5
transfer,95692,3329,422088,2019-04-18,1,type3,colleague,type3,4
transfer,34586,3329,422088,2019-02-23,1,type3,colleague,type3,2
transfer,5927,78494,671096,2019-06-18,1,type3,colleague,type3,6
transfer,26735,78494,671096,2019-07-10,1,type3,colleague,type3,7
transfer,91357,78494,671096,2019-05-21,1,type3,colleague,type3,5
transfer,2855,78494,671096,2019-03-19,1,type3,colleague,type3,3
transfer,5964,78494,671096,2019-04-19,1,type3,colleague,type3,4
transfer,97813,78494,671096,2019-07-07,1,type3,colleague,type3,7
transfer,59819,78494,671096,2019-07-02,1,type3,colleague,type3,7
transfer,14528,78494,671097,2019-04-21,1,type3,colleague,type3,4
transfer,2289,78494,671097,2019-05-21,1,type3,colleague,type3,5
transfer,86267,78494,671097,2019-06-13,1,type3,colleague,type3,6
transfer,88642,78494,671097,2019-02-22,1,type3,colleague,type3,2
transfer,8130,14943,525626,2019-05-04,1,type3,colleague,type3,5
transfer,21197,14943,525626,2019-03-16,1,type3,colleague,type1,3
transfer,21197,14943,525626,2019-03-16,1,type3,colleague,type3,3
transfer,19621,14943,525626,2019-06-04,1,type3,colleague,type3,6
transfer,42723,14943,525627,2019-07-06,1,type3,colleague,type3,7
transfer,79857,14943,525627,2019-03-06,1,type3,colleague,type3,3
transfer,60514,14943,525627,2019-05-22,1,type3,colleague,type3,5
transfer,44454,14943,525627,2019-06-22,1,type3,colleague,type3,6
transfer,60370,14943,525627,2019-07-09,1,type3,colleague,type3,7
transfer,2064,14943,525627,2019-04-09,1,type3,colleague,type3,4
transfer,62418,14943,525627,2019-06-05,1,type3,colleague,type3,6
transfer,11340,14943,525627,2019-07-01,1,type3,colleague,type3,7
transfer,27771,14943,525627,2019-03-18,1,type3,colleague,type3,3
transfer,18220,14943,525627,2019-05-02,1,type3,colleague,type3,5
transfer,74485,14943,525627,2019-04-24,1,type3,colleague,type3,4
transfer,6709,83988,268781,2019-06-19,1,type3,colleague,type3,6
transfer,17928,83988,268781,2019-03-11,1,type3,colleague,type3,3
transfer,27234,83988,268781,2019-03-31,1,type3,colleague,type3,3
transfer,89991,83988,268781,2019-06-20,1,type3,colleague,type3,6
transfer,56885,83988,268781,2019-05-06,1,type3,colleague,type3,5
transfer,6762,83988,268781,2019-05-05,1,type3,colleague,type3,5
transfer,18238,83988,268782,2019-05-21,1,type3,colleague,type3,5
transfer,86712,83988,268782,2019-07-06,1,type3,colleague,type3,7
transfer,45183,83988,268782,2019-04-16,1,type3,colleague,type3,4
transfer,76123,83988,268782,2019-04-22,1,type3,colleague,type3,4
transfer,17617,83988,268782,2019-03-31,1,type3,colleague,type3,3
transfer,72998,83988,268782,2019-04-02,1,type3,colleague,type3,4
transfer,52661,83988,268782,2019-05-17,1,type3,colleague,type3,5
transfer,50574,83988,268782,2019-04-18,1,type3,colleague,type3,4
transfer,18529,83988,268782,2019-02-26,1,type3,colleague,type3,2
transfer,2266,83988,268782,2019-03-23,1,type3,colleague,type3,3
transfer,48134,83988,268782,2019-07-20,1,type3,colleague,type3,7
transfer,6754,83988,268782,2019-03-22,1,type3,colleague,type3,3
transfer,11196,83988,268782,2019-04-15,1,type3,colleague,type3,4
transfer,53924,83988,268782,2019-04-18,1,type3,colleague,type3,4
transfer,58557,83988,268782,2019-05-28,1,type3,colleague,type3,5
transfer,54418,83988,268782,2019-04-30,1,type3,colleague,type3,4
transfer,39837,83988,268782,2019-03-03,1,type3,colleague,type3,3
transfer,69085,83988,268782,2019-05-19,1,type3,colleague,type3,5
transfer,13790,78030,594522,2019-04-23,1,type3,colleague,type3,4
transfer,70749,78030,594522,2019-04-11,1,type3,colleague,type3,4
transfer,12655,78030,594522,2019-07-20,1,type3,colleague,type3,7
transfer,71215,78030,594523,2019-05-28,1,type3,colleague,type3,5
transfer,20874,78030,594523,2019-05-26,1,type3,colleague,type3,5
transfer,6547,78030,594523,2019-04-14,1,type3,colleague,type3,4
transfer,71529,78030,594523,2019-04-19,1,type3,colleague,type3,4
transfer,13685,78030,594523,2019-04-02,1,type3,colleague,type3,4
transfer,82303,78030,594523,2019-05-09,1,type3,colleague,type3,5
transfer,27636,78030,594523,2019-03-18,1,type3,colleague,type1,3
transfer,27636,78030,594523,2019-03-18,1,type3,colleague,type3,3
transfer,97550,78030,594523,2019-04-16,1,type3,colleague,type3,4
transfer,48013,78030,594523,2019-06-30,1,type3,colleague,type3,6
transfer,66456,31163,363045,2019-06-16,1,type3,colleague,type3,6
transfer,61774,31163,363046,2019-03-31,1,type3,colleague,type3,3
transfer,34552,31163,363046,2019-07-11,1,type3,colleague,type3,7
transfer,94982,31163,363046,2019-05-09,1,type3,colleague,type3,5
transfer,65081,31163,363046,2019-04-20,1,type3,colleague,type3,4
transfer,5217,31163,363046,2019-05-24,1,type3,colleague,type3,5
transfer,25790,31163,363046,2019-06-27,1,type3,colleague,type3,6
transfer,81191,31163,363046,2019-06-27,1,type3,colleague,type3,6
transfer,57980,31163,363046,2019-04-12,1,type3,colleague,type3,4
transfer,31598,31163,363046,2019-04-01,1,type3,colleague,type3,4
transfer,37806,31163,363046,2019-05-10,1,type3,colleague,type3,5
transfer,73783,31163,363046,2019-06-10,1,type3,colleague,type3,6
transfer,91324,31163,363046,2019-04-21,1,type3,colleague,type3,4
transfer,38932,31163,363046,2019-04-21,1,type3,colleague,type3,4
transfer,52383,31163,363046,2019-06-04,1,type3,colleague,type3,6
transfer,30335,31163,363046,2019-03-20,1,type3,colleague,type3,3
transfer,87057,31163,363046,2019-06-22,1,type3,colleague,type3,6
transfer,59658,31163,363046,2019-03-02,1,type3,colleague,type3,3
transfer,62857,94670,376890,2019-03-28,1,type3,colleague,type3,3
transfer,50560,94670,376890,2019-05-10,1,type3,colleague,type3,5
transfer,78834,94670,376890,2019-06-17,1,type3,colleague,type3,6
transfer,93386,94670,376890,2019-03-02,1,type3,colleague,type3,3
transfer,24207,94670,376890,2019-04-20,1,type3,colleague,type3,4
transfer,40873,94670,376890,2019-04-26,1,type3,colleague,type3,4
transfer,52083,94670,376890,2019-05-02,1,type3,colleague,type3,5
transfer,83080,94670,376890,2019-05-03,1,type3,colleague,type3,5
transfer,80596,94670,376890,2019-05-30,1,type3,colleague,type3,5
transfer,84618,94670,376890,2019-04-17,1,type3,colleague,type3,4
transfer,572,94670,376890,2019-05-10,1,type3,colleague,type3,5
transfer,54587,94670,376890,2019-05-30,1,type3,colleague,type3,5
transfer,52697,94670,376890,2019-03-25,1,type3,colleague,type3,3
transfer,56626,94670,376890,2019-03-07,1,type3,colleague,type3,3
transfer,98788,94670,376891,2019-07-02,1,type3,colleague,type3,7
transfer,44299,94670,376891,2019-06-05,1,type3,colleague,type3,6
transfer,82471,77952,288956,2019-05-10,1,type3,colleague,type3,5
transfer,7637,77952,288956,2019-03-21,1,type3,colleague,type3,3
transfer,39500,77952,288956,2019-05-07,1,type3,colleague,type3,5
transfer,42776,77952,288956,2019-02-24,1,type3,colleague,type3,2
transfer,75872,77952,288956,2019-03-27,1,type3,colleague,type3,3
transfer,93198,77952,288956,2019-07-05,1,type3,colleague,type3,7
transfer,97709,77952,288956,2019-02-28,1,type3,colleague,type3,2
transfer,22992,77952,288956,2019-03-29,1,type3,colleague,type3,3
transfer,98881,77952,288956,2019-04-11,1,type3,colleague,type3,4
transfer,71324,77952,288956,2019-04-05,1,type3,colleague,type3,4
transfer,1126,77952,288956,2019-06-17,1,type3,colleague,type3,6
transfer,51853,77952,288956,2019-05-17,1,type3,colleague,type3,5
transfer,60346,77952,288956,2019-06-09,1,type3,colleague,type3,6
transfer,89733,77952,288956,2019-07-12,1,type3,colleague,type3,7
transfer,56678,77952,288956,2019-04-14,1,type3,colleague,type3,4
transfer,33236,77952,288956,2019-06-21,1,type3,colleague,type3,6
transfer,40198,77952,288956,2019-05-13,1,type3,colleague,type3,5
transfer,9287,77952,288956,2019-04-13,1,type3,colleague,type3,4
transfer,1549,77952,288956,2019-03-22,1,type3,colleague,type3,3
transfer,35428,77952,288957,2019-04-23,1,type3,colleague,type3,4
transfer,71059,77952,288957,2019-02-28,1,type3,colleague,type3,2
transfer,51016,77952,288957,2019-05-23,1,type3,colleague,type3,5
transfer,41568,77952,288957,2019-06-18,1,type3,colleague,type3,6
transfer,16346,77952,288957,2019-03-27,1,type3,colleague,type3,3
transfer,75319,77952,288957,2019-07-11,1,type3,colleague,type3,7
transfer,50625,77952,288957,2019-04-24,1,type3,colleague,type3,4
transfer,75610,89131,349000,2019-04-07,1,type3,colleague,type3,4
transfer,42988,89131,349000,2019-06-30,1,type3,colleague,type3,6
transfer,99078,89131,349000,2019-02-27,1,type3,colleague,type3,2
transfer,86998,89131,349000,2019-03-22,1,type3,colleague,type3,3
transfer,23147,89131,349000,2019-03-05,1,type3,colleague,type3,3
transfer,77645,89131,349000,2019-03-08,1,type3,colleague,type3,3
transfer,35651,89131,349000,2019-04-30,1,type3,colleague,type3,4
transfer,3854,89131,349001,2019-05-17,1,type3,colleague,type3,5
transfer,4443,89131,349001,2019-04-22,1,type3,colleague,type3,4
transfer,58609,89131,349001,2019-05-15,1,type3,colleague,type3,5
transfer,9735,89131,349001,2019-03-29,1,type3,colleague,type3,3
transfer,43663,89131,349001,2019-03-01,1,type3,colleague,type3,3
transfer,66349,89131,349001,2019-05-01,1,type3,colleague,type3,5
transfer,23161,89131,349001,2019-05-11,1,type3,colleague,type3,5
transfer,26248,89131,349001,2019-03-03,1,type3,colleague,type3,3
transfer,59605,89131,349001,2019-04-07,1,type3,colleague,type3,4
transfer,98642,89131,349001,2019-07-18,1,type3,colleague,type3,7
transfer,93778,89131,349001,2019-04-11,1,type3,colleague,type3,4
transfer,88746,89131,349001,2019-04-03,1,type3,colleague,type3,4
transfer,75054,89131,349001,2019-05-13,1,type3,colleague,type3,5
transfer,53219,86903,215499,2019-07-10,1,type3,colleague,type3,7
transfer,50275,86903,215499,2019-06-12,1,type3,colleague,type3,6
transfer,46184,86903,215499,2019-04-24,1,type3,colleague,type3,4
transfer,78804,86903,215499,2019-05-11,1,type3,colleague,type3,5
transfer,18690,86903,215499,2019-03-21,1,type3,colleague,type3,3
transfer,46802,86903,215499,2019-05-25,1,type3,colleague,type3,5
transfer,22049,86903,215499,2019-06-24,1,type3,colleague,type3,6
transfer,85286,86903,215499,2019-06-15,1,type3,colleague,type3,6
transfer,67817,86903,215499,2019-03-16,1,type3,colleague,type3,3
transfer,51273,86903,215499,2019-02-25,1,type3,colleague,type3,2
transfer,23801,86903,215499,2019-05-11,1,type3,colleague,type3,5
transfer,63314,86903,215499,2019-05-27,1,type3,colleague,type3,5
transfer,78644,86903,215499,2019-03-28,1,type3,colleague,type3,3
transfer,79739,86903,215499,2019-05-31,1,type3,colleague,type3,5
transfer,35926,86903,215499,2019-03-05,1,type3,colleague,type3,3
transfer,86344,86903,215499,2019-05-30,1,type3,colleague,type3,5
transfer,66835,86903,215499,2019-03-28,1,type3,colleague,type3,3
transfer,10404,86903,215499,2019-05-31,1,type3,colleague,type3,5
transfer,47413,86903,215499,2019-04-27,1,type3,colleague,type3,4
transfer,100000,86903,215499,2019-06-30,1,type3,colleague,type3,6
transfer,4348,86903,215500,2019-07-11,1,type3,colleague,type3,7
transfer,2486,86903,215500,2019-03-13,1,type3,colleague,type3,3
transfer,75059,86903,215500,2019-03-04,1,type3,colleague,type3,3
transfer,21067,86903,215500,2019-03-25,1,type3,colleague,type3,3
transfer,25848,86903,215500,2019-07-12,1,type3,colleague,type3,7
transfer,81680,86903,215500,2019-06-26,1,type3,colleague,type3,6
transfer,55920,86903,215500,2019-06-01,1,type3,colleague,type3,6
transfer,6285,18941,386525,2019-07-01,1,type3,colleague,type3,7
transfer,52830,18941,386525,2019-06-28,1,type3,colleague,type3,6
transfer,29188,18941,386526,2019-05-13,1,type3,colleague,type3,5
transfer,31821,18941,386526,2019-04-10,1,type3,colleague,type3,4
transfer,67272,18941,386526,2019-03-17,1,type3,colleague,type3,3
transfer,59142,18941,386526,2019-03-02,1,type3,colleague,type3,3
transfer,88826,18941,386526,2019-05-06,1,type3,colleague,type3,5
transfer,11058,18941,386526,2019-04-24,1,type3,colleague,type3,4
transfer,21206,18941,386526,2019-04-02,1,type3,colleague,type3,4
transfer,34047,18941,386526,2019-07-01,1,type3,colleague,type3,7
transfer,45667,18941,386526,2019-03-24,1,type3,colleague,type3,3
transfer,87623,18941,386526,2019-03-13,1,type3,colleague,type3,3
transfer,87578,18941,386526,2019-04-25,1,type3,colleague,type3,4
transfer,62587,18941,386526,2019-05-26,1,type3,colleague,type3,5
transfer,51916,18941,386526,2019-03-25,1,type3,colleague,type3,3
transfer,66755,18941,386526,2019-04-18,1,type3,colleague,type3,4
transfer,37661,18941,386526,2019-06-05,1,type3,colleague,type3,6
transfer,83585,18941,386526,2019-04-29,1,type3,colleague,type3,4
transfer,71048,18941,386526,2019-07-09,1,type3,colleague,type3,7
transfer,79112,18941,386526,2019-04-30,1,type3,colleague,type3,4
transfer,9373,86839,478195,2019-03-10,1,type3,colleague,type3,3
transfer,85972,86839,478195,2019-04-10,1,type3,colleague,type3,4
transfer,65676,86839,478195,2019-03-09,1,type3,colleague,type3,3
transfer,95970,86839,478195,2019-07-14,1,type3,colleague,type3,7
transfer,43742,86839,478195,2019-06-08,1,type3,colleague,type3,6
transfer,68061,86839,478195,2019-06-10,1,type3,colleague,type3,6
transfer,43372,86839,478195,2019-04-02,1,type3,colleague,type3,4
transfer,23506,86839,478195,2019-07-19,1,type3,colleague,type3,7
transfer,75295,86839,478195,2019-02-24,1,type3,colleague,type3,2
transfer,44499,86839,478195,2019-03-17,1,type3,colleague,type3,3
transfer,26220,86839,478195,2019-04-30,1,type3,colleague,type3,4
transfer,239,86839,478195,2019-07-04,1,type3,colleague,type3,7
transfer,58473,86839,478195,2019-06-06,1,type3,colleague,type3,6
transfer,46161,86839,478195,2019-06-19,1,type3,colleague,type3,6
transfer,17130,86839,478195,2019-02-22,1,type3,colleague,type3,2
transfer,59524,86839,478196,2019-06-18,1,type3,colleague,type3,6
transfer,89495,42168,226478,2019-06-02,1,type3,colleague,type3,6
transfer,70669,42168,226479,2019-07-18,1,type3,colleague,type3,7
transfer,4474,42168,226479,2019-05-25,1,type3,colleague,type3,5
transfer,80584,42168,226479,2019-03-27,1,type3,colleague,type3,3
transfer,84640,42168,226479,2019-05-26,1,type3,colleague,type3,5
transfer,32144,42168,226479,2019-03-09,1,type3,colleague,type3,3
transfer,5185,42168,226479,2019-06-28,1,type3,colleague,type3,6
transfer,70960,42168,226479,2019-05-25,1,type3,colleague,type3,5
transfer,14355,42168,226479,2019-03-23,1,type3,colleague,type3,3
transfer,52112,42168,226479,2019-04-04,1,type3,colleague,type3,4
transfer,5128,42168,226479,2019-04-13,1,type3,colleague,type3,4
transfer,73501,42168,226479,2019-03-09,1,type3,colleague,type3,3
transfer,9232,42168,226479,2019-04-15,1,type3,colleague,type3,4
transfer,226,42168,226479,2019-05-06,1,type3,colleague,type3,5
transfer,10195,42168,226479,2019-07-15,1,type3,colleague,type3,7
transfer,49635,42168,226479,2019-03-31,1,type3,colleague,type3,3
transfer,71600,42168,226479,2019-03-12,1,type3,colleague,type3,3
transfer,47522,42168,226479,2019-03-11,1,type3,colleague,type3,3
transfer,78150,42168,226479,2019-04-27,1,type3,colleague,type3,4
transfer,59800,42168,226479,2019-05-17,1,type3,colleague,type3,5
transfer,6953,42168,226479,2019-07-02,1,type3,colleague,type3,7
transfer,26096,42168,226479,2019-06-06,1,type3,colleague,type3,6
transfer,33510,42168,226479,2019-07-15,1,type3,colleague,type3,7
transfer,67834,42168,226479,2019-03-13,1,type3,colleague,type3,3
transfer,12431,42168,226479,2019-06-08,1,type3,colleague,type3,6
transfer,14309,42168,226479,2019-04-22,1,type3,colleague,type3,4
transfer,73320,42168,226479,2019-03-08,1,type3,colleague,type3,3
transfer,53121,42168,226479,2019-06-18,1,type3,colleague,type3,6
transfer,3821,73055,361845,2019-02-26,1,type3,colleague,type3,2
transfer,89816,73055,361845,2019-06-27,1,type3,colleague,type3,6
transfer,81540,73055,361845,2019-04-30,1,type3,colleague,type3,4
transfer,10402,73055,361845,2019-06-03,1,type3,colleague,type3,6
transfer,36990,73055,361845,2019-04-11,1,type3,colleague,type3,4
transfer,63802,73055,361845,2019-04-29,1,type3,colleague,type3,4
transfer,23082,73055,361845,2019-06-06,1,type3,colleague,type3,6
transfer,11910,73055,361845,2019-04-21,1,type3,colleague,type3,4
transfer,99260,73055,361845,2019-04-01,1,type3,colleague,type3,4
transfer,12887,73055,361845,2019-06-18,1,type3,colleague,type3,6
transfer,81705,73055,361845,2019-04-29,1,type3,colleague,type3,4
transfer,40037,73055,361845,2019-03-07,1,type3,colleague,type3,3
transfer,52430,73055,361845,2019-04-26,1,type3,colleague,type3,4
transfer,26886,73055,361845,2019-03-08,1,type3,colleague,type3,3
transfer,30057,73055,361846,2019-04-23,1,type3,colleague,type3,4
transfer,97808,73055,361846,2019-04-11,1,type3,colleague,type3,4
transfer,57246,73055,361846,2019-07-16,1,type3,colleague,type3,7
transfer,63442,73055,361846,2019-04-03,1,type3,colleague,type3,4
transfer,28552,73055,361846,2019-06-19,1,type3,colleague,type3,6
transfer,90899,73055,361846,2019-03-30,1,type3,colleague,type3,3
transfer,77466,73055,361846,2019-05-16,1,type3,colleague,type3,5
transfer,97143,42594,2011892,2019-07-04,1,type3,colleague,type3,7
transfer,99212,42594,2011892,2019-03-10,1,type3,colleague,type3,3
transfer,14095,42594,2011893,2019-05-04,1,type3,colleague,type3,5
transfer,8956,51149,316128,2019-07-15,1,type3,colleague,type3,7
transfer,23219,51149,316128,2019-04-30,1,type3,colleague,type3,4
transfer,16917,51149,316128,2019-04-25,1,type3,colleague,type3,4
transfer,42439,51149,316128,2019-04-11,1,type3,colleague,type3,4
transfer,2896,51149,316128,2019-05-28,1,type3,colleague,type3,5
transfer,68239,51149,316128,2019-04-11,1,type3,colleague,type3,4
transfer,3529,51149,316128,2019-05-05,1,type3,colleague,type3,5
transfer,65351,51149,316129,2019-04-29,1,type3,colleague,type3,4
transfer,246,51149,316129,2019-05-19,1,type3,colleague,type3,5
transfer,8822,51149,316129,2019-07-09,1,type3,colleague,type3,7
transfer,41031,51149,316129,2019-05-12,1,type3,colleague,type3,5
transfer,6120,51149,316129,2019-06-29,1,type3,colleague,type3,6
transfer,22046,51149,316129,2019-05-08,1,type3,colleague,type3,5
transfer,46198,51149,316129,2019-05-11,1,type3,colleague,type3,5
transfer,19397,51149,316129,2019-06-30,1,type3,colleague,type3,6
transfer,1650,51149,316129,2019-04-20,1,type3,colleague,type3,4
transfer,12013,51149,316129,2019-06-15,1,type3,colleague,type3,6
transfer,4530,51149,316129,2019-04-20,1,type3,colleague,type3,4
transfer,46889,51149,316129,2019-05-07,1,type3,colleague,type3,5
transfer,26364,51149,316129,2019-06-29,1,type3,colleague,type3,6
transfer,48021,51149,316129,2019-04-02,1,type3,colleague,type3,4
transfer,40267,51149,316129,2019-03-19,1,type3,colleague,type3,3
transfer,15746,83790,274712,2019-06-07,1,type3,colleague,type3,6
transfer,15100,83790,274712,2019-04-17,1,type3,colleague,type3,4
transfer,58428,83790,274712,2019-06-26,1,type3,colleague,type3,6
transfer,61733,83790,274712,2019-05-26,1,type3,colleague,type3,5
transfer,85462,83790,274713,2019-05-29,1,type3,colleague,type3,5
transfer,6281,83790,274713,2019-06-22,1,type3,colleague,type3,6
transfer,26416,83790,274713,2019-04-06,1,type3,colleague,type3,4
transfer,49391,83790,274713,2019-03-06,1,type3,colleague,type3,3
transfer,63679,83790,274713,2019-06-06,1,type3,colleague,type3,6
transfer,56410,83790,274713,2019-03-09,1,type3,colleague,type3,3
transfer,9277,83790,274713,2019-02-27,1,type3,colleague,type3,2
transfer,29754,83790,274713,2019-07-14,1,type3,colleague,type3,7
transfer,26579,83790,274713,2019-04-10,1,type3,colleague,type3,4
transfer,26448,83790,274713,2019-03-25,1,type3,colleague,type3,3
transfer,8654,83790,274713,2019-05-01,1,type3,colleague,type3,5
transfer,52096,83790,274713,2019-03-01,1,type3,colleague,type3,3
transfer,99754,83790,274713,2019-05-19,1,type3,colleague,type3,5
transfer,14613,83790,274713,2019-07-09,1,type3,colleague,type3,7
transfer,24405,83790,274713,2019-05-01,1,type3,colleague,type3,5
transfer,20261,83790,274713,2019-03-18,1,type3,colleague,type3,3
transfer,15988,83790,274713,2019-06-05,1,type3,colleague,type3,6
transfer,59891,83790,274713,2019-06-03,1,type3,colleague,type3,6
transfer,78832,83790,274713,2019-04-12,1,type3,colleague,type3,4
transfer,9614,83790,274713,2019-06-08,1,type3,colleague,type3,6
transfer,88290,83790,274713,2019-02-28,1,type3,colleague,type3,2
transfer,77370,83790,274713,2019-05-03,1,type3,colleague,type3,5
transfer,58669,83790,274713,2019-07-11,1,type3,colleague,type3,7
transfer,728,83790,274713,2019-07-08,1,type3,colleague,type3,7
transfer,64353,74713,1310436,2019-06-11,1,type3,colleague,type3,6
transfer,17894,74713,1310436,2019-05-30,1,type3,colleague,type3,5
transfer,40237,74713,1310437,2019-03-18,1,type3,colleague,type3,3
transfer,58854,74713,1310437,2019-03-23,1,type3,colleague,type3,3
transfer,56874,74713,1310437,2019-04-25,1,type3,colleague,type3,4
transfer,52734,74713,1310437,2019-05-06,1,type3,colleague,type3,5
transfer,32713,77508,445248,2019-07-15,1,type3,colleague,type3,7
transfer,71486,77508,445248,2019-06-02,1,type3,colleague,type3,6
transfer,20358,77508,445248,2019-03-26,1,type3,colleague,type3,3
transfer,77549,77508,445248,2019-04-18,1,type3,colleague,type3,4
transfer,92740,77508,445248,2019-06-02,1,type3,colleague,type3,6
transfer,37414,77508,445248,2019-05-22,1,type3,colleague,type3,5
transfer,48631,77508,445248,2019-05-13,1,type3,colleague,type3,5
transfer,58492,77508,445248,2019-04-30,1,type3,colleague,type3,4
transfer,71160,77508,445248,2019-07-03,1,type3,colleague,type3,7
transfer,57896,77508,445249,2019-03-08,1,type3,colleague,type3,3
transfer,22313,77508,445249,2019-07-03,1,type3,colleague,type3,7
transfer,80105,77508,445249,2019-03-17,1,type3,colleague,type3,3
transfer,76977,77508,445249,2019-03-28,1,type3,colleague,type3,3
transfer,90128,77508,445249,2019-04-16,1,type3,colleague,type3,4
transfer,41512,77508,445249,2019-05-23,1,type3,colleague,type3,5
transfer,69445,77508,445249,2019-05-19,1,type3,colleague,type3,5
transfer,99359,77508,445249,2019-04-27,1,type3,colleague,type3,4
transfer,89799,95498,281506,2019-02-25,1,type3,colleague,type3,2
transfer,8439,95498,281506,2019-04-15,1,type3,colleague,type3,4
transfer,60722,95498,281506,2019-06-14,1,type3,colleague,type3,6
transfer,59359,95498,281506,2019-03-06,1,type3,colleague,type3,3
transfer,56249,95498,281506,2019-05-24,1,type3,colleague,type3,5
transfer,60661,95498,281506,2019-07-09,1,type3,colleague,type3,7
transfer,6752,95498,281506,2019-04-03,1,type3,colleague,type3,4
transfer,73912,95498,281506,2019-05-06,1,type3,colleague,type3,5
transfer,65179,95498,281506,2019-02-21,1,type3,colleague,type3,2
transfer,14146,95498,281506,2019-03-11,1,type3,colleague,type3,3
transfer,14092,95498,281506,2019-04-05,1,type3,colleague,type3,4
transfer,862,95498,281506,2019-07-18,1,type3,colleague,type3,7
transfer,28267,95498,281506,2019-04-06,1,type3,colleague,type3,4
transfer,51514,95498,281506,2019-05-31,1,type3,colleague,type3,5
transfer,14126,95498,281506,2019-06-13,1,type3,colleague,type3,6
transfer,53999,95498,281506,2019-03-18,1,type3,colleague,type3,3
transfer,95231,95498,281506,2019-06-11,1,type3,colleague,type3,6
transfer,25156,95498,281506,2019-05-20,1,type3,colleague,type3,5
transfer,95979,95498,281507,2019-03-26,1,type3,colleague,type3,3
transfer,71687,95498,281507,2019-06-11,1,type3,colleague,type3,6
transfer,66923,95498,281507,2019-07-01,1,type3,colleague,type3,7
transfer,5780,95498,281507,2019-04-05,1,type3,colleague,type3,4
transfer,84359,95498,281507,2019-05-17,1,type3,colleague,type3,5
transfer,82135,95498,281507,2019-04-29,1,type3,colleague,type3,4
transfer,15214,95498,281507,2019-03-13,1,type3,colleague,type3,3
transfer,4986,95498,281507,2019-03-03,1,type3,colleague,type3,3
transfer,89938,95498,281507,2019-06-07,1,type3,colleague,type3,6
cash-in,32822,99632,2623132,2019-04-20,0,none,colleague,type1,4
cash-in,42627,30509,2608003,2019-07-12,0,none,colleague,type1,7
cash-in,55033,55923,3405904,2019-07-16,0,none,head,type2,7
cash-in,55033,55923,3405904,2019-07-16,0,none,colleague,type2,7
cash-in,21254,33855,3135930,2019-04-12,0,none,colleague,type1,4
cash-in,21955,20300,2808503,2019-05-19,0,none,colleague,type1,5
cash-in,3092,22427,1145624,2019-07-13,0,none,colleague,type1,7
cash-in,3092,22427,1145624,2019-07-13,0,none,colleague,type3,7
cash-in,18626,29492,4629576,2019-06-02,0,none,colleague,type1,6
cash-in,16595,41370,5178964,2019-05-25,0,none,colleague,type1,5
cash-in,76026,62188,5217932,2019-04-22,0,none,colleague,type1,4
cash-in,8056,50710,3174284,2019-07-05,0,none,colleague,type1,7
cash-in,88645,17283,93827,2019-04-29,0,none,colleague,type1,4
cash-in,39060,29315,5993255,2019-06-10,0,none,colleague,type1,6
cash-in,7038,83673,2052036,2019-04-17,0,none,colleague,type1,4
cash-in,4161,18561,6875557,2019-04-16,0,none,head,type1,4
cash-in,37177,27986,2306338,2019-05-26,0,none,head,type1,5
cash-in,82930,39266,6445058,2019-05-03,0,none,head,type1,5
cash-in,82688,63240,959936,2019-04-15,0,none,head,type1,4
cash-in,82930,18125,1977604,2019-05-09,0,none,head,type1,5
cash-in,82930,21135,359943,2019-04-29,0,none,head,type1,4
cash-in,71475,52387,2218230,2019-05-02,0,none,head,type1,5
cash-in,30965,51446,4268081,2019-07-04,0,none,head,type1,7
cash-in,31439,96773,3367443,2019-04-04,0,none,head,type1,4
cash-in,82930,52747,3380428,2019-06-01,0,none,head,type1,6
transfer,40167,31783,3422485,2019-05-18,0,none,colleague,type1,5
transfer,36891,24642,1755132,2019-05-15,0,none,colleague,type1,5
transfer,18192,33489,2412412,2019-03-17,0,none,colleague,type1,3
transfer,63810,2842,4995108,2019-05-21,0,none,colleague,type2,5
transfer,73630,44234,1000724,2019-06-02,0,none,colleague,type2,6
transfer,57246,4129,192967,2019-07-17,0,none,colleague,type3,7
transfer,98047,87901,3579561,2019-06-01,0,none,colleague,type2,6
transfer,50275,96135,3270858,2019-07-04,0,none,colleague,type3,7
transfer,1549,71746,4939185,2019-07-16,0,none,colleague,type3,7
transfer,9373,28248,4657933,2019-06-15,0,none,colleague,type3,6
transfer,90598,14931,2947084,2019-03-13,0,none,colleague,type3,3
transfer,23784,38993,3083463,2019-02-20,0,none,colleague,type3,2
transfer,70669,93815,1624827,2019-06-28,0,none,colleague,type3,6
transfer,22046,70275,1745188,2019-07-07,0,none,colleague,type3,7
transfer,20337,50110,461029,2019-06-05,0,none,colleague,type3,6
transfer,22049,80349,305353,2019-06-11,0,none,colleague,type3,6
transfer,27771,74938,1077674,2019-06-26,0,none,colleague,type3,6
transfer,46627,17240,4049544,2019-07-18,0,none,colleague,type3,7
transfer,28046,73630,2568792,2019-06-20,0,none,head,type3,6
transfer,89131,75507,1754765,2019-04-13,0,none,head,type3,4
transfer,94670,13506,4947130,2019-04-07,0,none,head,type3,4
transfer,89131,65629,795947,2019-06-07,0,none,head,type3,6
transfer,61346,37108,1797531,2019-07-02,0,none,head,type3,7
transfer,31163,95093,2395386,2019-04-08,0,none,head,type3,4
transfer,28046,8950,3655808,2019-02-28,0,none,head,type3,2
transfer,77508,65511,3204700,2019-03-11,0,none,head,type3,3
transfer,73055,83206,655907,2019-05-21,0,none,head,type3,5
transfer,86903,67214,3934608,2019-05-20,0,none,head,type3,5
transfer,29182,85902,351589,2019-03-14,0,none,head,type2,3
transfer,44827,40206,399814,2019-03-11,0,none,head,type2,3
transfer,20849,36154,1604298,2019-05-24,0,none,head,type2,5
transfer,73532,70504,2620297,2019-03-19,0,none,head,type2,3
transfer,85457,99282,1288283,2019-05-27,0,none,head,type2,5
transfer,44827,88623,1963577,2019-04-11,0,none,head,type2,4
transfer,57833,1257,2333678,2019-04-03,0,none,head,type2,4
transfer,31270,35235,95888,2019-03-24,0,none,head,type2,3
transfer,57833,66341,2572396,2019-05-29,0,none,head,type2,5
transfer,3961,43732,4969901,2019-06-06,0,none,head,type2,6
transfer,57768,36973,685247,2019-05-22,0,none,head,type2,5
transfer,57768,36973,685247,2019-05-22,0,none,colleague,type2,5
transfer,7654,13064,1367414,2019-04-01,0,none,head,type2,4
transfer,7654,13064,1367414,2019-04-01,0,none,colleague,type1,4
transfer,7654,13064,1367414,2019-04-01,0,none,colleague,type2,4
transfer,94652,24510,1395287,2019-05-19,0,none,head,type2,5
transfer,94652,24510,1395287,2019-05-19,0,none,colleague,type2,5
transfer,36647,33294,4253756,2019-06-30,0,none,head,type2,6
transfer,36647,33294,4253756,2019-06-30,0,none,colleague,type2,6
transfer,1366,48104,2916631,2019-03-18,0,none,head,type2,3
transfer,1366,48104,2916631,2019-03-18,0,none,colleague,type2,3
transfer,84551,83206,2751485,2019-04-17,0,none,head,type2,4
transfer,84551,83206,2751485,2019-04-17,0,none,colleague,type2,4
transfer,44075,28306,1161940,2019-06-05,0,none,head,type2,6
transfer,44075,28306,1161940,2019-06-05,0,none,colleague,type2,6
transfer,8475,47018,2351552,2019-06-27,0,none,head,type2,6
transfer,8475,47018,2351552,2019-06-27,0,none,colleague,type2,6
transfer,60685,55758,2223761,2019-03-25,0,none,head,type2,3
transfer,60685,55758,2223761,2019-03-25,0,none,colleague,type2,3
transfer,68275,69285,4116948,2019-05-23,0,none,head,type2,5
transfer,68275,69285,4116948,2019-05-23,0,none,colleague,type2,5
transfer,4689,75678,1158968,2019-05-14,0,none,colleague,type2,5
transfer,66955,90279,3036683,2019-03-22,0,none,head,type2,3
transfer,66955,90279,3036683,2019-03-22,0,none,colleague,type2,3
transfer,15558,59047,4699498,2019-04-03,0,none,colleague,type2,4
transfer,6599,50700,220813,2019-03-15,0,none,colleague,type2,3
transfer,64269,71803,4990689,2019-06-22,0,none,colleague,type2,6
transfer,57768,36703,3196628,2019-05-20,0,none,head,type2,5
transfer,57768,36703,3196628,2019-05-20,0,none,colleague,type2,5
transfer,33174,26740,3802359,2019-03-06,0,none,colleague,type2,3
transfer,41032,44509,4634190,2019-06-23,0,none,colleague,type2,6
transfer,97966,95152,1162767,2019-07-19,0,none,colleague,type2,7
transfer,70242,418,2501184,2019-03-21,0,none,colleague,type2,3
transfer,30714,43793,106907,2019-06-28,0,none,colleague,type1,6
